,식당명,별점,구,주소,음식종류,가격대,리뷰날짜,리뷰평가,리뷰수,맛있다수,괜찮다수,별로다수,평점
1,뽀르께노 스페니쉬비스트로,4.6,성북구, 서울특별시 성북구 동소문로6길 4-21 1F,다국적음식, 만원-2만원,2022-07-22,맛있다,7.0,7.0,0.0,0.0,4.6
3,성북동집,4.5,성북구, 서울특별시 성북구 성북로24길 4,한식, 만원-2만원,2022-07-28,맛있다,41.0,35.0,6.0,0.0,3.841463414634146
4,계모임,4.5,성북구, 서울특별시 성북구 보문로30라길 5-10 1F,한식, 만원-2만원,5 일 전,맛있다,10.0,10.0,0.0,0.0,4.5
5,옥돌,4.5,성북구, 서울특별시 성북구 동소문로17길 11,양식, 만원-2만원,2022-07-18,맛있다,5.0,5.0,0.0,0.0,4.5
6,우정초밥,4.4,성북구, 서울특별시 성북구 종암로3길 31 1F,일식, 2만원-3만원,2022-06-18,맛있다,31.0,28.0,3.0,0.0,3.974193548387097
8,일흥콩나물국밥,4.4,성북구, 서울특별시 성북구 고려대로5길 77,한식, 만원 미만,2022-05-16,맛있다,11.0,11.0,0.0,0.0,4.4
9,드시소,4.4,성북구, 서울특별시 성북구 보국문로 86-3 1F,주점, 2만원-3만원,2022-05-15,맛있다,8.0,8.0,0.0,0.0,4.4
10,마실참숯불생고기집,4.4,성북구, 서울특별시 성북구 종암로38길 41-2,한식, 만원-2만원,2022-07-21,맛있다,7.0,7.0,0.0,0.0,4.4
14,바람난오리궁뎅이,4.3,성북구, 서울특별시 성북구 보국문로29길 15,한식, 2만원-3만원,2021-07-30,맛있다,19.0,18.0,1.0,0.0,4.073684210526316
15,영순관,4.3,성북구, 서울특별시 성북구 지봉로24길 19,중식, 만원 미만,2022-01-30,맛있다,9.0,8.0,1.0,0.0,3.822222222222222
17,밀곳간,4.3,성북구, 서울특별시 성북구 성북로18길 19,카페/디저트, 만원 미만,2022-08-02,맛있다,14.0,14.0,0.0,0.0,4.3
19,참나무닭나라,4.3,성북구, 서울특별시 성북구 동소문로8길 12,한식, 만원 미만,2022-03-23,맛있다,18.0,17.0,0.0,1.0,3.583333333333333
20,토로생선구이,4.3,성북구, 서울특별시 성북구 고려대로28길 14-1,한식, 만원-2만원,2022-03-31,맛있다,10.0,9.0,1.0,0.0,3.8699999999999997
24,동병상련,4.2,성북구, 서울특별시 성북구 정릉로10길 42-6,카페/디저트, 만원 미만,2022-04-24,맛있다,7.0,7.0,0.0,0.0,4.2
27,임금님자장면,4.2,성북구, 서울특별시 성북구 보국문로 91,중식, 만원 미만,2022-06-29,맛있다,12.0,10.0,2.0,0.0,3.5
31,일상,4.1,성북구, 서울특별시 성북구 성북로 106,카페/디저트, 만원 미만,2022-05-22,맛있다,28.0,26.0,1.0,1.0,3.5142857142857142
32,병과점임오반,4.1,성북구, 서울특별시 성북구 동소문로17길 27 102호,카페/디저트, 만원 미만,2022-06-02,맛있다,11.0,11.0,0.0,0.0,4.1
34,샤뽀블랑,4.1,성북구, 서울특별시 성북구 성북로 60,카페/디저트, 만원 미만,2022-07-31,맛있다,19.0,17.0,2.0,0.0,3.668421052631578
42,디프커피,4.1,성북구, 서울특별시 성북구 동소문로26가길 56,카페/디저트, 만원 미만,2021-04-20,맛있다,7.0,6.0,1.0,0.0,3.514285714285714
44,바테일러,4.1,성북구, 서울특별시 성북구 아리랑로2길 23,주점, 2만원-3만원,2022-05-29,괜찮다,9.0,8.0,1.0,0.0,3.644444444444444
56,백두산양꼬치구이,4.0,성북구, 서울특별시 성북구 동소문로20다길 24,중식, 만원-2만원,2021-05-13,맛있다,27.0,24.0,3.0,0.0,3.5555555555555554
61,모던양갱집,4.0,성북구, 서울특별시 성북구 보국문로16길 72,카페/디저트, 만원 미만,2022-05-13,맛있다,8.0,7.0,1.0,0.0,3.5
87,장수식당,3.9,성북구, 서울특별시 성북구 정릉로26길 55,한식, 만원 미만,2022-07-13,맛있다,6.0,6.0,0.0,0.0,3.9
89,슬로우브레드파파,3.9,성북구, 서울특별시 성북구 보문로30나길 29,카페/디저트, 만원 미만,2021-07-21,맛있다,12.0,11.0,1.0,0.0,3.5749999999999997
185,이립스,4.6,성북구, 서울특별시 성북구 인촌로7길 84-7,카페/디저트, 만원 미만,2021-11-20,맛있다,11.0,11.0,0.0,0.0,4.6
194,시키카츠,4.7,동대문구, 서울특별시 동대문구 회기로 110,일식, 만원-2만원,2022-07-26,맛있다,65.0,54.0,9.0,2.0,3.6153846153846154
196,육전식당,4.4,동대문구, 서울특별시 동대문구 난계로30길 16,한식, 만원-2만원,2022-08-01,맛있다,196.0,166.0,26.0,4.0,3.5469387755102044
199,슈퍼내추럴,4.4,동대문구, 서울특별시 동대문구 전농로23길 78 1F,카페/디저트, 만원 미만,2022-04-24,맛있다,7.0,7.0,0.0,0.0,4.4
200,연어이야기,4.4,동대문구, 서울특별시 동대문구 고산자로 528-1,일식, 만원-2만원,2021-05-22,맛있다,17.0,16.0,0.0,1.0,3.6235294117647063
201,스시코야,4.3,동대문구, 서울특별시 동대문구 황물로 42 1F,일식, 2만원-3만원,1 일 전,맛있다,11.0,9.0,2.0,0.0,3.5181818181818176
204,골목길빵공작소,4.3,동대문구, 서울특별시 동대문구 답십리로60길 112 1F,카페/디저트, 만원 미만,2022-08-05,맛있다,16.0,16.0,0.0,0.0,4.3
206,대흥설농탕,4.3,동대문구, 서울특별시 동대문구 한천로 60,한식, 만원-2만원,2022-06-07,맛있다,9.0,8.0,1.0,0.0,3.822222222222222
207,비나,4.3,동대문구, 서울특별시 동대문구 안암로24길 4,다국적음식, 만원 미만,2022-03-08,맛있다,34.0,30.0,3.0,1.0,3.541176470588235
208,촨커,4.3,동대문구, 서울특별시 동대문구 이문로9길 105,중식, 만원-2만원,2022-06-30,맛있다,30.0,26.0,4.0,0.0,3.7266666666666666
211,커피그라운즈,4.2,동대문구, 서울특별시 동대문구 답십리로48길 57,카페/디저트, 만원 미만,9 시간 전,맛있다,25.0,23.0,2.0,0.0,3.8640000000000003
212,이문동커피집,4.2,동대문구, 서울특별시 동대문구 이문로25길 39 1F,카페/디저트, 만원 미만,2022-06-30,맛있다,40.0,37.0,3.0,0.0,3.8850000000000002
214,답십리별미,4.2,동대문구, 서울특별시 동대문구 답십리로48길 98,한식, 만원 미만,2022-07-30,맛있다,11.0,10.0,1.0,0.0,3.8181818181818183
217,포레스티,4.2,동대문구, 서울특별시 동대문구 이문로9나길 32,양식, 만원 미만,2022-07-02,맛있다,26.0,22.0,4.0,0.0,3.553846153846154
218,알로하올라,4.2,동대문구, 서울특별시 동대문구 회기로 133-1 1F,카페/디저트, 만원 미만,2022-06-03,맛있다,7.0,6.0,1.0,0.0,3.6000000000000005
222,백정스테이크바,4.1,동대문구, 서울특별시 동대문구 망우로 122-10,양식, 2만원-3만원,2021-05-09,맛있다,7.0,6.0,1.0,0.0,3.514285714285714
225,씨위드커피,4.1,동대문구, 서울특별시 동대문구 회기로25길 59 1F,카페/디저트, 만원 미만,2022-06-09,맛있다,6.0,6.0,0.0,0.0,4.1
239,양자호떡,4.0,동대문구, 서울특별시 동대문구 회기로 161 1F,카페/디저트, 만원 미만,2022-03-08,맛있다,18.0,16.0,2.0,0.0,3.5555555555555554
245,에잇올리,4.0,동대문구, 서울특별시 동대문구 경희대로6길 3-2 1F,양식, 만원 미만,2022-05-25,맛있다,9.0,8.0,1.0,0.0,3.5555555555555554
389,티하우스나니,4.3,중랑구, 서울특별시 중랑구 용마산로117길 26 102호,카페/디저트, 만원 미만,2022-02-21,맛있다,20.0,20.0,0.0,0.0,4.3
390,용마해장국,4.3,중랑구, 서울특별시 중랑구 용마공원로5길 8,한식, 만원 미만,2022-05-05,맛있다,11.0,11.0,0.0,0.0,4.3
401,숯불닭갈비에 반하닭,4.7,중랑구, 서울특별시 중랑구 면목로 352 1F,한식, 만원-2만원,2020-11-08,맛있다,18.0,17.0,1.0,0.0,4.438888888888889
585,연희미식,4.8,서대문구, 서울특별시 서대문구 연희맛로 22 삼원빌딩,다국적음식, 만원-2만원,2022-07-29,맛있다,41.0,36.0,5.0,0.0,4.214634146341463
586,메노,4.7,서대문구, 서울특별시 서대문구 연희로26가길 15,양식, 만원-2만원,2022-07-16,맛있다,14.0,13.0,1.0,0.0,4.364285714285715
587,쿳사,4.6,서대문구, 서울특별시 서대문구 증가로 48 상가 1F 103호,양식, 만원-2만원,2022-07-04,맛있다,17.0,17.0,0.0,0.0,4.6
588,정리의밤,4.6,서대문구, 서울특별시 서대문구 연희맛로 31-10,주점, 2만원-3만원,2022-08-01,맛있다,7.0,7.0,0.0,0.0,4.6
589,스탠바이키친,4.5,서대문구, 서울특별시 서대문구 연대동문길 49,양식, 만원 미만,2022-06-19,맛있다,149.0,128.0,17.0,4.0,3.6241610738255035
591,센트그릴 BBQ,4.5,서대문구, 서울특별시 서대문구 연희로 89-3 B1,양식, 만원-2만원,2022-04-29,맛있다,41.0,34.0,7.0,0.0,3.731707317073171
592,롱보트스모커,4.5,서대문구, 서울특별시 서대문구 증가로 27 1F,양식, 만원 미만,2022-06-20,맛있다,9.0,9.0,0.0,0.0,4.5
596,천진분식,4.4,서대문구, 서울특별시 서대문구 이화여대5길 7,중식, 만원 미만,2022-05-13,맛있다,38.0,31.0,7.0,0.0,3.5894736842105264
598,락희안,4.4,서대문구, 서울특별시 서대문구 가재울로4길 53,중식, 만원 미만,2022-04-28,맛있다,18.0,17.0,1.0,0.0,4.155555555555556
599,폴앤폴리나,4.4,서대문구, 서울특별시 서대문구 연희로11길 56,카페/디저트, 만원 미만,2022-08-07,맛있다,33.0,33.0,0.0,0.0,4.4
600,책바,4.4,서대문구, 서울특별시 서대문구 연희맛로 24 101호,주점, 만원-2만원,2022-01-22,맛있다,26.0,25.0,1.0,0.0,4.230769230769232
601,연남장,4.4,서대문구, 서울특별시 서대문구 연희로5길 22 1F,카페/디저트, 만원-2만원,2022-06-21,맛있다,20.0,18.0,2.0,0.0,3.96
602,떼뮤즐렛,4.4,서대문구, 서울특별시 서대문구 연희맛로 24 2F,주점, 만원-2만원,2022-08-04,맛있다,26.0,26.0,0.0,0.0,4.4
603,다이닝후,4.4,서대문구, 서울특별시 서대문구 충정로 43-1,양식, 2만원-3만원,2022-06-28,맛있다,9.0,8.0,1.0,0.0,3.9111111111111114
604,인생이막창이네,4.4,서대문구, 서울특별시 서대문구 연세로7안길 51 1F,한식, 만원-2만원,2022-06-12,맛있다,17.0,16.0,1.0,0.0,4.141176470588236
614,크래프트비어칸,4.3,서대문구, 서울특별시 서대문구 연희로11길 7,주점, 만원-2만원,2022-06-16,맛있다,25.0,23.0,2.0,0.0,3.9559999999999995
617,위드미치코,4.3,서대문구, 서울특별시 서대문구 충정로4길 20,주점, 만원-2만원,2022-07-17,맛있다,29.0,26.0,3.0,0.0,3.8551724137931034
620,심플리키친,4.3,서대문구, 서울특별시 서대문구 이화여대5길 35 107호,한식, 만원 미만,2022-05-18,맛있다,33.0,28.0,5.0,0.0,3.6484848484848484
622,바코드,4.3,서대문구, 서울특별시 서대문구 연세로9길 26,주점, 만원-2만원,2022-05-08,맛있다,27.0,24.0,2.0,1.0,3.5037037037037035
624,탭스터,4.3,서대문구, 서울특별시 서대문구 증가로 1 103호,주점, 만원-2만원,2022-07-29,맛있다,17.0,16.0,1.0,0.0,4.047058823529412
625,여래여거,4.3,서대문구, 서울특별시 서대문구 이화여대길 56-3 1F,일식, 4만원 이상,2022-03-04,맛있다,6.0,6.0,0.0,0.0,4.3
626,고바우집,4.3,서대문구, 서울특별시 서대문구 명물1길 22,한식, 만원-2만원,2022-07-14,맛있다,11.0,10.0,1.0,0.0,3.909090909090909
627,화명당마라탕,4.3,서대문구, 서울특별시 서대문구 이화여대길 78,중식, 만원 미만,2022-08-06,맛있다,26.0,25.0,1.0,0.0,4.134615384615385
628,아콘스톨,4.3,서대문구, 서울특별시 서대문구 신촌역로 17 110호,한식, 만원 미만,2022-07-29,맛있다,12.0,10.0,2.0,0.0,3.5833333333333335
629,제주도그릴,4.3,서대문구, 서울특별시 서대문구 연희로 89,한식, 만원-2만원,2022-07-29,맛있다,14.0,13.0,1.0,0.0,3.992857142857143
630,코블러 연희,4.3,서대문구, 서울특별시 서대문구 연희맛로 31-9,주점, 2만원-3만원,2022-07-18,맛있다,7.0,7.0,0.0,0.0,4.3
631,연희동양꼬치,4.3,서대문구, 서울특별시 서대문구 연희로 81-5,중식, 만원-2만원,2022-06-26,맛있다,8.0,7.0,1.0,0.0,3.7624999999999997
632,아저씨네낙지찜,4.3,서대문구, 서울특별시 서대문구 연세로5다길 39,기타, 만원-2만원,2022-08-09,맛있다,6.0,5.0,1.0,0.0,3.5833333333333335
642,비하인드리메인,4.2,서대문구, 서울특별시 서대문구 연희로11라길 10-6 101호,카페/디저트, 만원 미만,2022-04-30,맛있다,32.0,27.0,5.0,0.0,3.54375
646,맛있는집,4.2,서대문구, 서울특별시 서대문구 거북골로20길 55,한식, 만원 미만,2022-05-05,맛있다,25.0,24.0,0.0,1.0,3.696
649,요릿집,4.2,서대문구, 서울특별시 서대문구 연희맛로 36 1F,한식, 2만원-3만원,2022-07-07,맛있다,6.0,5.0,1.0,0.0,3.5
650,엔타로커피,4.2,서대문구, 서울특별시 서대문구 명물길 37,카페/디저트, 만원 미만,2022-07-29,맛있다,7.0,7.0,0.0,0.0,4.2
651,이세계는놀이터예요,4.2,서대문구, 서울특별시 서대문구 이화여대길 88-15 1F 2호,양식, 만원 미만,2021-08-23,맛있다,8.0,8.0,0.0,0.0,4.2
665,피망과토마토,4.1,서대문구, 서울특별시 서대문구 명물길 27-21 6F,주점, 만원-2만원,2022-06-10,맛있다,19.0,17.0,2.0,0.0,3.668421052631578
667,아이덴티티커피랩,4.1,서대문구, 서울특별시 서대문구 모래내로 390 1F,카페/디저트, 만원 미만,2022-08-08,괜찮다,8.0,7.0,1.0,0.0,3.5874999999999995
669,로실링,4.1,서대문구, 서울특별시 서대문구 연세로4길 26,주점, 만원-2만원,2022-01-28,괜찮다,29.0,25.0,4.0,0.0,3.534482758620689
681,카페위검,4.1,서대문구, 서울특별시 서대문구 연희로11가길 8 2F,카페/디저트, 만원 미만,2022-05-06,맛있다,5.0,5.0,0.0,0.0,4.1
683,연탄생고기집,4.1,서대문구, 서울특별시 서대문구 홍제천로 76,한식, 만원-2만원,2022-05-23,맛있다,7.0,7.0,0.0,0.0,4.1
686,진돈부리,4.1,서대문구, 서울특별시 서대문구 신촌로 149 신촌자이엘라 B104,일식, 만원 미만,2022-03-26,맛있다,7.0,7.0,0.0,0.0,4.1
716,백색소음,4.0,서대문구, 서울특별시 서대문구 연희로 38-12,주점, 만원-2만원,2021-12-19,맛있다,11.0,10.0,1.0,0.0,3.6363636363636362
723,에뚜왈,4.0,서대문구, 서울특별시 서대문구 충정로4길 28,카페/디저트, 만원 미만,4 일 전,맛있다,10.0,9.0,1.0,0.0,3.6
726,야채를담다,4.0,서대문구, 서울특별시 서대문구 신촌역로 22-5 2F 51호,카페/디저트, 만원 미만,2021-06-02,맛있다,18.0,18.0,0.0,0.0,4.0
730,배바위양곱창,4.0,서대문구, 서울특별시 서대문구 연세로7안길 42,한식, 2만원-3만원,2021-07-03,괜찮다,9.0,8.0,1.0,0.0,3.5555555555555554
733,세아마라탕,4.0,서대문구, 서울특별시 서대문구 이화여대길 16,중식, 만원 미만,2021-05-10,맛있다,8.0,7.0,1.0,0.0,3.5
760,1987피자,3.9,서대문구, 서울특별시 서대문구 연세로11길 26 B1,양식, 만원 미만,2020-12-10,맛있다,22.0,21.0,1.0,0.0,3.722727272727272
773,카와카츠,4.8,마포구, 서울특별시 마포구 양화로 78-7 1F,일식, 만원-2만원,2022-08-10,맛있다,62.0,57.0,5.0,0.0,4.412903225806451
774,야키토리나루토,4.8,마포구, 서울특별시 마포구 독막로9길 26,일식, 만원-2만원,4 일 전,맛있다,22.0,22.0,0.0,0.0,4.8
775,파델라,4.8,마포구, 서울특별시 마포구 연남로1길 11 1F,양식, 만원-2만원,2022-08-08,괜찮다,54.0,47.0,7.0,0.0,4.177777777777778
776,카와카츠,4.7,마포구, 서울특별시 마포구 동교로 126 1F 102호,일식, 만원-2만원,2 일 전,맛있다,182.0,156.0,18.0,8.0,3.6153846153846154
777,쉐시몽,4.7,마포구, 서울특별시 마포구 월드컵로10길 48 동궁빌딩 1F,다국적음식, 4만원 이상,2022-06-11,맛있다,43.0,42.0,0.0,1.0,4.372093023255815
778,코바시,4.7,마포구, 서울특별시 마포구 양화로1길 25-3,일식, 4만원 이상,2022-08-01,맛있다,11.0,10.0,1.0,0.0,4.2727272727272725
779,라바즈,4.7,마포구, 서울특별시 마포구 월드컵로13길 19-23 2F,카페/디저트, 만원 미만,5 일 전,맛있다,30.0,29.0,1.0,0.0,4.543333333333334
780,로랑 (휴업중),4.7,마포구, 서울특별시 마포구 성지1길 15 1F,일식, 3만원-4만원,2022-05-28,맛있다,12.0,12.0,0.0,0.0,4.7
781,진만두,4.6,마포구, 서울특별시 마포구 와우산로29길 4-42,중식, 만원 미만,2022-08-04,괜찮다,267.0,229.0,27.0,11.0,3.5662921348314605
782,당도,4.6,마포구, 서울특별시 마포구 포은로 106,카페/디저트, 만원 미만,2022-07-29,맛있다,250.0,228.0,19.0,3.0,4.0847999999999995
787,카카오다다,4.6,마포구, 서울특별시 마포구 희우정로10길 15,카페/디저트, 만원 미만,2022-07-16,맛있다,57.0,50.0,7.0,0.0,4.035087719298245
788,파이리퍼블릭,4.6,마포구, 서울특별시 마포구 양화로23길 10-10 B1,다국적음식, 만원-2만원,2022-04-26,맛있다,43.0,38.0,4.0,1.0,3.851162790697674
789,우주옥,4.6,마포구, 서울특별시 마포구 동교로50길 11 B02호,한식, 만원-2만원,2022-08-06,맛있다,31.0,26.0,4.0,1.0,3.561290322580645
790,오츠에스프레소,4.6,마포구, 서울특별시 마포구 독막로14길 32,카페/디저트, 만원 미만,2022-07-26,괜찮다,43.0,40.0,3.0,0.0,4.27906976744186
791,제스티살룬,4.6,마포구, 서울특별시 마포구 연희로 31 연남빌딩 B1,양식, 만원 미만,2022-07-29,맛있다,45.0,39.0,6.0,0.0,3.9866666666666664
792,윤서울,4.6,마포구, 서울특별시 마포구 홍익로2길 31 1F,한식, 4만원 이상,2022-05-08,맛있다,10.0,10.0,0.0,0.0,4.6
793,젤라떼리아 에따,4.6,마포구, 서울특별시 마포구 월드컵북로4길 44 1F,카페/디저트, 만원 미만,2022-07-27,맛있다,28.0,27.0,1.0,0.0,4.435714285714285
794,르규옹,4.6,마포구, 서울특별시 마포구 성미산로17길 109 1F,양식, 2만원-3만원,2022-07-18,맛있다,7.0,7.0,0.0,0.0,4.6
797,산울림1992,4.5,마포구, 서울특별시 마포구 서강로9길 60,주점, 만원-2만원,2022-06-24,맛있다,191.0,163.0,21.0,7.0,3.5104712041884816
800,듁스커피,4.5,마포구, 서울특별시 마포구 어울마당로2길 10,카페/디저트, 만원 미만,2022-07-30,맛있다,156.0,140.0,13.0,3.0,3.8653846153846154
807,비파티세리,4.5,마포구, 서울특별시 마포구 마포대로14길 4 1F,카페/디저트, 만원 미만,2022-07-23,맛있다,47.0,41.0,6.0,0.0,3.925531914893617
808,우동 이요이요,4.5,마포구, 서울특별시 마포구 토정로35길 29,일식, 만원 미만,2022-07-13,맛있다,27.0,23.0,3.0,1.0,3.5
809,기노,4.5,마포구, 서울특별시 마포구 삼개로3길 6-1,주점, 2만원-3만원,2022-08-02,맛있다,33.0,28.0,4.0,1.0,3.545454545454546
810,하나라멘,4.5,마포구, 서울특별시 마포구 동교로38길 27-4 1F,일식, 만원 미만,2022-08-04,맛있다,28.0,23.0,5.0,0.0,3.6964285714285716
811,무겐스위치,4.5,마포구, 서울특별시 마포구 동교로 242-13,일식, 만원 미만,2022-08-01,맛있다,14.0,13.0,1.0,0.0,4.178571428571429
812,전주상회,4.5,마포구, 서울특별시 마포구 성미산로 195,주점, 2만원-3만원,2022-08-08,맛있다,11.0,11.0,0.0,0.0,4.5
836,피에트라,4.4,마포구, 서울특별시 마포구 성미산로23길 62 1F,카페/디저트, 만원 미만,2 일 전,맛있다,22.0,20.0,1.0,1.0,3.6
840,아소토,4.4,마포구, 서울특별시 마포구 독막로2길 34,주점, 2만원-3만원,2022-06-30,맛있다,19.0,17.0,2.0,0.0,3.9368421052631586
845,커피하우스마이샤,4.4,마포구, 서울특별시 마포구 포은로 52 1F,카페/디저트, 만원 미만,3 일 전,맛있다,10.0,9.0,1.0,0.0,3.96
846,수더분,4.4,마포구, 서울특별시 마포구 백범로 152 공덕파크자이 202동 7호,카페/디저트, 만원 미만,2022-02-12,맛있다,6.0,6.0,0.0,0.0,4.4
847,정성,4.4,마포구, 서울특별시 마포구 방울내로 73,일식, 만원-2만원,2022-04-14,맛있다,7.0,7.0,0.0,0.0,4.4
848,비스트로오라,4.4,마포구, 서울특별시 마포구 동교로 244 2F,양식, 2만원-3만원,2022-08-08,맛있다,4.0,4.0,0.0,0.0,4.4
849,나성타코,4.4,마포구, 서울특별시 마포구 잔다리로2길 24 2F,다국적음식, 만원-2만원,2022-07-31,맛있다,7.0,6.0,1.0,0.0,3.771428571428572
850,리밀커피&밀리,4.4,마포구, 서울특별시 마포구 동교로22길 21,카페/디저트, 만원 미만,2022-04-22,맛있다,7.0,7.0,0.0,0.0,4.4
851,지알로파스타바,4.4,마포구, 서울특별시 마포구 독막로31길 18 1F,양식, 4만원 이상,2022-06-01,괜찮다,5.0,4.0,1.0,0.0,3.5200000000000005
852,홍콩대패당,4.4,마포구, 서울특별시 마포구 양화로23길 10-8 2F,중식, 만원-2만원,2022-08-07,맛있다,5.0,5.0,0.0,0.0,4.4
853,문데이,4.4,마포구, 서울특별시 마포구 토정로 27-1 1F,양식, 만원-2만원,2022-07-17,맛있다,6.0,6.0,0.0,0.0,4.4
854,쿠시파파,4.4,마포구, 서울특별시 마포구 동교로 256-4 B1,주점, 2만원-3만원,2022-07-27,맛있다,5.0,5.0,0.0,0.0,4.4
855,망원떡갈비,4.4,마포구, 서울특별시 마포구 포은로8길 25,한식, 만원 미만,5 일 전,맛있다,5.0,5.0,0.0,0.0,4.4
866,우마담,4.3,마포구, 서울특별시 마포구 독막로3길 30 2F,한식, 4만원 이상,2022-07-28,맛있다,30.0,25.0,5.0,0.0,3.5833333333333335
883,평안도상원냉면,4.3,마포구, 서울특별시 마포구 양화로 156 B1,한식, 만원 미만,2022-07-23,맛있다,30.0,26.0,4.0,0.0,3.7266666666666666
884,램랜드,4.3,마포구, 서울특별시 마포구 토정로 255,한식, 2만원-3만원,2021-11-11,맛있다,34.0,28.0,6.0,0.0,3.541176470588235
886,파스텔커피웍스,4.3,마포구, 서울특별시 마포구 독막로2길 38,카페/디저트, 만원 미만,2022-08-10,맛있다,15.0,13.0,2.0,0.0,3.7266666666666666
895,리플레토레,4.3,마포구, 서울특별시 마포구 월드컵로11길 27 1F,양식, 만원-2만원,2022-07-28,맛있다,12.0,10.0,2.0,0.0,3.5833333333333335
896,아키야라멘,4.3,마포구, 서울특별시 마포구 토정로 39-3,일식, 만원 미만,2022-06-28,괜찮다,20.0,18.0,2.0,0.0,3.8699999999999997
899,코코부코,4.3,마포구, 서울특별시 마포구 희우정로 72,카페/디저트, 만원-2만원,2022-03-17,맛있다,39.0,34.0,5.0,0.0,3.7487179487179483
901,브레드럼,4.3,마포구, 서울특별시 마포구 연희로1길 19,카페/디저트, 만원 미만,2022-04-09,맛있다,19.0,17.0,2.0,0.0,3.8473684210526313
902,옥정,4.3,마포구, 서울특별시 마포구 신수로 106,한식, 만원 미만,2022-02-13,맛있다,20.0,19.0,1.0,0.0,4.085
905,라오,4.3,마포구, 서울특별시 마포구 동교로 125 1F,다국적음식, 만원-2만원,2022-06-19,맛있다,17.0,14.0,3.0,0.0,3.541176470588235
906,고미태,4.3,마포구, 서울특별시 마포구 월드컵로 41 1F,한식, 만원 미만,2022-08-06,맛있다,18.0,15.0,3.0,0.0,3.5833333333333335
907,포포브레드,4.3,마포구, 서울특별시 마포구 동교로18길 13,카페/디저트, 만원 미만,2022-07-27,맛있다,14.0,13.0,1.0,0.0,3.992857142857143
908,후엘고,4.3,마포구, 서울특별시 마포구 마포대로11길 118,카페/디저트, 만원 미만,2022-02-01,맛있다,22.0,21.0,1.0,0.0,4.1045454545454545
912,잔상,4.3,마포구, 서울특별시 마포구 동교로38길 33-10,주점, 2만원-3만원,2022-02-13,맛있다,7.0,7.0,0.0,0.0,4.3
913,홍어한마리,4.3,마포구, 서울특별시 마포구 동교로 94,기타, 2만원-3만원,2022-02-19,맛있다,10.0,10.0,0.0,0.0,4.3
914,1989버거스탠드,4.3,마포구, 서울특별시 마포구 연희로1길 36,양식, 만원 미만,2022-06-21,맛있다,6.0,6.0,0.0,0.0,4.3
915,진진가연,4.3,마포구, 서울특별시 마포구 월드컵북로1길 60,중식, 2만원-3만원,2021-11-17,맛있다,15.0,13.0,2.0,0.0,3.7266666666666666
916,커츠,4.3,마포구, 서울특별시 마포구 독막로28길 58 좌측,일식, 만원-2만원,2022-06-25,맛있다,5.0,5.0,0.0,0.0,4.3
917,옥자,4.3,마포구, 서울특별시 마포구 성미산로29길 40-15,다국적음식, 만원-2만원,2022-07-31,괜찮다,8.0,7.0,1.0,0.0,3.7624999999999997
918,고도식,4.3,마포구, 서울특별시 마포구 마포대로1길 16,한식, 만원-2만원,2022-04-29,맛있다,5.0,5.0,0.0,0.0,4.3
920,쿠루미,4.3,마포구, 서울특별시 마포구 연희로1길 46,주점, 2만원-3만원,2022-02-19,맛있다,12.0,11.0,1.0,0.0,3.9416666666666664
921,영광보쌈,4.3,마포구, 서울특별시 마포구 만리재로1길 14,한식, 2만원-3만원,2022-06-27,맛있다,12.0,10.0,2.0,0.0,3.5833333333333335
922,웨스트빌피자,4.3,마포구, 서울특별시 마포구 포은로 37-1,양식, 만원-2만원,4 일 전,맛있다,13.0,12.0,1.0,0.0,3.969230769230769
923,돈카츠준,4.3,마포구, 서울특별시 마포구 백범로 205 펜트라우스 101동 B226호,일식, 만원-2만원,2022-05-06,맛있다,8.0,8.0,0.0,0.0,4.3
924,하롱반미,4.3,마포구, 서울특별시 마포구 토정로3길 9,다국적음식, 만원 미만,2022-08-04,맛있다,7.0,7.0,0.0,0.0,4.3
926,상수냉장고,4.3,마포구, 서울특별시 마포구 와우산로 23 규민빌딩 1F,한식, 만원-2만원,2022-06-27,맛있다,12.0,11.0,1.0,0.0,3.9416666666666664
927,상암회관,4.3,마포구, 서울특별시 마포구 월드컵북로54길 17,한식, 만원 미만,2022-08-07,맛있다,7.0,7.0,0.0,0.0,4.3
928,조이버거,4.3,마포구, 서울특별시 마포구 신촌로12길 32 1F,양식, 만원-2만원,1 일 전,맛있다,5.0,5.0,0.0,0.0,4.3
929,산청엔흑돼지,4.3,마포구, 서울특별시 마포구 포은로 110,한식, 만원-2만원,2022-05-28,맛있다,6.0,5.0,1.0,0.0,3.5833333333333335
930,빠네돌체,4.3,마포구, 서울특별시 마포구 마포대로4다길 31,양식, 만원-2만원,2022-03-25,맛있다,6.0,6.0,0.0,0.0,4.3
931,프로그,4.3,마포구, 서울특별시 마포구 포은로 61,주점, 2만원-3만원,2022-01-12,맛있다,5.0,5.0,0.0,0.0,4.3
932,호시쿠즈,4.3,마포구, 서울특별시 마포구 독막로 311 재화스퀘어 B1 104호,주점, 2만원-3만원,2022-08-01,맛있다,5.0,5.0,0.0,0.0,4.3
962,세잔,4.2,마포구, 서울특별시 마포구 포은로 75,카페/디저트, 만원 미만,2022-06-23,맛있다,18.0,16.0,2.0,0.0,3.7333333333333334
963,과자산책,4.2,마포구, 서울특별시 마포구 포은로 78 2F,카페/디저트, 만원 미만,2022-01-10,맛있다,20.0,17.0,3.0,0.0,3.5700000000000003
965,이코이,4.4,도봉구, 서울특별시 도봉구 도봉로112길 20,일식, 만원-2만원,2022-05-29,맛있다,37.0,32.0,4.0,1.0,3.5675675675675675
966,패멩베이커리,4.3,도봉구, 서울특별시 도봉구 도봉로116길 4,카페/디저트, 만원 미만,2022-04-18,맛있다,7.0,7.0,0.0,0.0,4.3
967,스마일닭강정,4.3,도봉구, 서울특별시 도봉구 도봉로110아길 7 1F,한식, 만원 미만,2022-03-19,맛있다,7.0,7.0,0.0,0.0,4.3
968,코노하카레,4.2,도봉구, 서울특별시 도봉구 우이천로20길 7 103동상가 1F,일식, 만원-2만원,2022-02-07,맛있다,38.0,32.0,6.0,0.0,3.5368421052631582
969,버거브라더,4.2,도봉구, 서울특별시 도봉구 마들로 657 1F,양식, 만원 미만,2022-06-30,맛있다,8.0,7.0,1.0,0.0,3.6750000000000003
974,홍방원,4.1,도봉구, 서울특별시 도봉구 도봉로169나길 47,중식, 만원 미만,2022-07-07,맛있다,8.0,7.0,1.0,0.0,3.5874999999999995
978,쌍문동커피,4.0,도봉구, 서울특별시 도봉구 도봉로116길 5,카페/디저트, 만원 미만,2021-11-19,맛있다,17.0,16.0,1.0,0.0,3.764705882352941
1041,묵은지사랑,4.4,도봉구, 서울특별시 도봉구 도봉로164길 38,한식, 만원-2만원,2020-07-03,맛있다,8.0,8.0,0.0,0.0,4.4
1081,곳간,4.6,도봉구, 서울특별시 도봉구 도봉로154길 35 1F,일식, 만원 미만,2021-03-02,맛있다,3.0,3.0,0.0,0.0,4.6
1121,마이요거트서울,4.7,도봉구, 서울특별시 도봉구 도봉로114길 60-5,카페/디저트, 만원 미만,2021-07-13,맛있다,1.0,1.0,0.0,0.0,4.7
1156,스시하쿠야,4.3,노원구, 서울특별시 노원구 노원로 470 2F,일식, 4만원 이상,2022-08-05,맛있다,8.0,8.0,0.0,0.0,4.3
1157,노원목고기집,4.3,노원구, 서울특별시 노원구 상계로 96,한식, 만원-2만원,2022-01-24,맛있다,32.0,31.0,1.0,0.0,4.1656249999999995
1158,경성초밥,4.3,노원구, 서울특별시 노원구 공릉로 119-5,일식, 만원-2만원,2022-07-08,맛있다,19.0,17.0,2.0,0.0,3.8473684210526313
1159,당혹,4.3,노원구, 서울특별시 노원구 동일로217가길 17 104호,카페/디저트, 만원 미만,2022-04-14,맛있다,11.0,10.0,1.0,0.0,3.909090909090909
1160,땅코참숯구이,4.2,노원구, 서울특별시 노원구 노해로85길 15-5,한식, 만원-2만원,2022-07-17,맛있다,17.0,15.0,2.0,0.0,3.7058823529411766
1178,이너모스트,3.9,노원구, 서울특별시 노원구 동일로183길 12-14,카페/디저트, 만원 미만,2022-01-03,맛있다,18.0,17.0,1.0,0.0,3.683333333333333
1355,우리콩순두부,4.3,강북구, 서울특별시 강북구 삼양로173길 46,한식,0,2022-06-18,맛있다,4.0,4.0,0.0,0.0,4.3
1357,엘림들깨수제비칼국수,4.2,강북구, 서울특별시 강북구 삼각산로 67,한식, 만원 미만,2022-06-11,맛있다,64.0,57.0,6.0,1.0,3.609375
1358,다정도병인양,4.2,강북구, 서울특별시 강북구 4.19로 41-1 2F,카페/디저트, 만원 미만,2022-06-29,맛있다,7.0,7.0,0.0,0.0,4.2
1359,장수마늘보쌈,4.2,강북구, 서울특별시 강북구 덕릉로 192,한식, 만원-2만원,2022-06-11,맛있다,22.0,20.0,2.0,0.0,3.8181818181818183
1519,토방청국장,4.5,강북구, 서울특별시 강북구 삼각산로 63,한식, 만원 미만,2021-11-28,맛있다,5.0,4.0,1.0,0.0,3.6
1555,소야일식,4.3,은평구, 서울특별시 은평구 불광로14길 4 더클래스 1F,일식, 4만원 이상,2022-02-17,괜찮다,7.0,6.0,1.0,0.0,3.6857142857142855
1557,넙딱집,4.3,은평구, 서울특별시 은평구 진흥로 124 1F,한식, 만원-2만원,2022-05-08,맛있다,7.0,7.0,0.0,0.0,4.3
1558,필구커피,4.3,은평구, 서울특별시 은평구 불광천길 442-29 1F,카페/디저트, 만원 미만,2022-04-10,맛있다,8.0,8.0,0.0,0.0,4.3
1559,중국음식점 / 中国小吃,4.3,은평구, 서울특별시 은평구 통일로80길 10 B1,중식, 만원-2만원,2022-04-25,맛있다,7.0,6.0,1.0,0.0,3.6857142857142855
1560,참새식당 스즈메,4.2,은평구, 서울특별시 은평구 연서로29길 22-44 1F 102호,주점, 만원-2만원,2022-08-07,맛있다,14.0,14.0,0.0,0.0,4.2
1562,YM에스프레소룸,4.2,은평구, 서울특별시 은평구 진관3로 43-9 래미안아파트상가 909동 101-102호,카페/디저트, 만원 미만,6 일 전,맛있다,12.0,10.0,2.0,0.0,3.5
1564,금원함흥냉면,4.2,은평구, 서울특별시 은평구 역말로 53 1F,한식, 만원 미만,2022-06-30,맛있다,7.0,7.0,0.0,0.0,4.2
1565,티그레서울,4.2,은평구, 서울특별시 은평구 연서로29길 34 1F,카페/디저트, 만원 미만,2022-08-07,맛있다,4.0,4.0,0.0,0.0,4.2
1571,flot,4.0,은평구, 서울특별시 은평구 서오릉로 20-1,카페/디저트, 만원 미만,2022-05-27,맛있다,9.0,8.0,1.0,0.0,3.5555555555555554
1572,포옹싸,4.0,은평구, 서울특별시 은평구 통일로 1022 신한헤스티아 2차 115호,다국적음식, 만원 미만,2022-08-06,맛있다,13.0,12.0,1.0,0.0,3.6923076923076925
1746,만가타,4.8,종로구, 서울특별시 종로구 삼청로2길 40-5,다국적음식, 4만원 이상,2022-07-31,맛있다,50.0,41.0,7.0,2.0,3.5519999999999996
1747,호반,4.8,종로구, 서울특별시 종로구 삼일대로26길 20,한식, 2만원-3만원,2022-07-23,맛있다,72.0,67.0,3.0,2.0,4.199999999999999
1748,부촌육회,4.7,종로구, 서울특별시 종로구 종로 200-12,한식, 만원-2만원,3 일 전,맛있다,186.0,160.0,21.0,5.0,3.790322580645161
1749,오레노라멘,4.7,종로구, 서울특별시 종로구 율곡로 49-4 1F,일식, 만원 미만,6 일 전,맛있다,91.0,78.0,10.0,3.0,3.718681318681319
1750,BAR CHAM,4.7,종로구, 서울특별시 종로구 자하문로7길 34,주점, 2만원-3만원,2022-08-03,맛있다,36.0,35.0,1.0,0.0,4.569444444444445
1751,일월카츠,4.7,종로구, 서울특별시 종로구 계동길 17 1F,일식, 만원-2만원,2022-07-25,맛있다,14.0,14.0,0.0,0.0,4.7
1754,파네트크루아상팩토리,4.6,종로구, 서울특별시 종로구 사직로8길 24 경희궁의아침 1F,카페/디저트, 만원 미만,2022-07-02,맛있다,119.0,106.0,12.0,1.0,4.020168067226891
1755,폴앤폴리나,4.6,종로구, 서울특별시 종로구 사직로8길 42 1F,카페/디저트, 만원 미만,1 일 전,맛있다,162.0,149.0,12.0,1.0,4.174074074074074
1756,물랑,4.6,종로구, 서울특별시 종로구 자하문로16길 8 1F,다국적음식, 4만원 이상,2022-05-26,맛있다,31.0,26.0,5.0,0.0,3.858064516129032
1758,갈로팡,4.6,종로구, 서울특별시 종로구 북촌로4길 16 2F,다국적음식, 4만원 이상,2022-02-26,맛있다,11.0,10.0,1.0,0.0,4.181818181818182
1759,수도원,4.6,종로구, 서울특별시 종로구 동숭3길 16 B1,주점, 만원-2만원,2022-08-05,맛있다,57.0,46.0,11.0,0.0,3.712280701754386
1760,우육면관,4.6,종로구, 서울특별시 종로구 종로7길 29-14,중식, 만원 미만,2022-07-25,맛있다,28.0,23.0,5.0,0.0,3.7785714285714285
1761,혜화도담,4.6,종로구, 서울특별시 종로구 대명1길 16-6,한식, 만원 미만,6 일 전,맛있다,30.0,27.0,2.0,1.0,3.833333333333333
1767,부빙,4.5,종로구, 서울특별시 종로구 창의문로 136,카페/디저트, 만원 미만,2022-07-20,맛있다,84.0,72.0,9.0,3.0,3.5357142857142856
1768,김진목삼,4.5,종로구, 서울특별시 종로구 자하문로1길 51,한식, 만원-2만원,2022-08-07,맛있다,102.0,88.0,10.0,4.0,3.5294117647058822
1770,논데,4.5,종로구, 서울특별시 종로구 종로18길 37 하이뷰디아트 2F,일식, 3만원-4만원,2022-07-26,맛있다,15.0,14.0,1.0,0.0,4.2
1773,아키비스트,4.5,종로구, 서울특별시 종로구 효자로13길 52 1F,카페/디저트, 만원 미만,2022-08-02,맛있다,47.0,40.0,7.0,0.0,3.8297872340425534
1774,모던샤브하우스,4.5,종로구, 서울특별시 종로구 종로3길 17 D타워 리플레이스 광화문 5F,한식, 4만원 이상,2022-08-02,맛있다,23.0,22.0,1.0,0.0,4.304347826086956
1779,독도16도,4.4,종로구, 서울특별시 종로구 자하문로33길 10 1F,주점, 만원-2만원,2022-08-09,괜찮다,15.0,14.0,1.0,0.0,4.106666666666667
1780,도취,4.4,종로구, 서울특별시 종로구 옥인길 23-6 누상빌라 B1,한식, 2만원-3만원,2022-06-28,맛있다,51.0,45.0,5.0,1.0,3.709803921568628
1783,차차 티클럽,4.4,종로구, 서울특별시 종로구 종로46가길 13,카페/디저트, 만원 미만,2022-05-30,맛있다,19.0,17.0,2.0,0.0,3.9368421052631586
1784,누룩나무,4.4,종로구, 서울특별시 종로구 인사동16길 13,주점, 만원-2만원,2022-07-25,맛있다,27.0,24.0,3.0,0.0,3.9111111111111114
1785,학술적연구소,4.4,종로구, 서울특별시 종로구 보문로1길 7-4 1F,주점, 만원-2만원,2022-02-27,맛있다,30.0,28.0,2.0,0.0,4.106666666666667
1786,부촌육회,4.4,종로구, 서울특별시 종로구 종로 200-4 1F,한식, 만원-2만원,2022-06-30,맛있다,30.0,26.0,4.0,0.0,3.8133333333333335
1787,덕후선생,4.4,종로구, 서울특별시 종로구 종로3길 17 D타워 리플레이스광화문 4F,중식, 만원-2만원,4 일 전,맛있다,18.0,15.0,3.0,0.0,3.6666666666666665
1788,비텔로소띠,4.4,종로구, 서울특별시 종로구 자하문로 38,양식, 만원 미만,2022-04-21,맛있다,14.0,13.0,1.0,0.0,4.085714285714286
1789,커피원,4.4,종로구, 서울특별시 종로구 새문안로3길 12 신문로빌딩,카페/디저트, 만원 미만,2022-07-20,맛있다,10.0,9.0,1.0,0.0,3.96
1790,밀림,4.4,종로구, 서울특별시 종로구 창신6나길 17-6,다국적음식, 만원-2만원,2022-07-28,맛있다,5.0,5.0,0.0,0.0,4.4
1805,안주마을,4.3,종로구, 서울특별시 종로구 자하문로1길 5,주점, 만원-2만원,2022-06-28,맛있다,51.0,44.0,6.0,1.0,3.541176470588235
1821,오무사,4.3,종로구, 서울특별시 종로구 필운대로9길 1,주점, 만원-2만원,2021-10-07,맛있다,22.0,19.0,3.0,0.0,3.713636363636364
1823,뽐,4.3,종로구, 서울특별시 종로구 자하문로9길 15 서촌애벌레 건물 1F,주점, 만원-2만원,2022-08-07,맛있다,21.0,18.0,3.0,0.0,3.6857142857142855
1824,33마켓,4.3,종로구, 서울특별시 종로구 효자로 33 보안여관 신관 1F,카페/디저트, 만원 미만,2022-06-03,맛있다,24.0,22.0,2.0,0.0,3.9416666666666664
1825,라뜰리에 꼼때,4.3,종로구, 서울특별시 종로구 성균관로17길 53,다국적음식, 4만원 이상,2021-12-31,괜찮다,6.0,5.0,1.0,0.0,3.5833333333333335
1827,포항,4.3,종로구, 서울특별시 종로구 종로 309-3,다국적음식, 만원 미만,6 일 전,맛있다,10.0,9.0,1.0,0.0,3.8699999999999997
1829,델리노쉬,4.3,종로구, 서울특별시 종로구 자하문로 35-6 1F,양식, 만원 미만,2022-07-24,맛있다,11.0,10.0,1.0,0.0,3.909090909090909
1830,고트델리,4.3,종로구, 서울특별시 종로구 필운대로5가길 13 1F,양식, 만원 미만,2022-07-24,맛있다,17.0,16.0,1.0,0.0,4.047058823529412
1834,톤티커피,4.3,종로구, 서울특별시 종로구 북촌로 6-8,카페/디저트, 만원 미만,2022-06-27,맛있다,15.0,14.0,1.0,0.0,4.013333333333333
1835,김진목삼,4.3,종로구, 서울특별시 종로구 자하문로1가길 9,한식, 만원-2만원,2022-05-16,맛있다,20.0,17.0,3.0,0.0,3.655
1836,동묘마케트,4.3,종로구, 서울특별시 종로구 종로54길 17-10 1F,주점, 2만원-3만원,4 일 전,맛있다,8.0,7.0,1.0,0.0,3.7624999999999997
1838,금옥당,4.3,종로구, 서울특별시 종로구 인사동길 49,카페/디저트, 만원 미만,2022-06-29,맛있다,11.0,11.0,0.0,0.0,4.3
1841,병천유황오리,4.3,종로구, 서울특별시 종로구 삼봉로 68 신영빌딩,한식, 만원-2만원,2022-07-10,맛있다,22.0,18.0,4.0,0.0,3.5181818181818176
1843,버터풀앤크리멀러스 쁘띠,4.3,종로구, 서울특별시 종로구 종로3길 17 D타워 103호,카페/디저트, 만원 미만,2022-05-06,맛있다,10.0,9.0,1.0,0.0,3.8699999999999997
1844,발효카페 큔,4.3,종로구, 서울특별시 종로구 자하문로26길 17-2,카페/디저트, 만원 미만,2022-08-01,맛있다,9.0,8.0,1.0,0.0,3.822222222222222
1845,남대문막내횟집,4.3,종로구, 서울특별시 종로구 우정국로 4-1,기타, 만원-2만원,2022-04-11,맛있다,8.0,8.0,0.0,0.0,4.3
1846,홍어랑민어랑,4.3,종로구, 서울특별시 종로구 삼일대로28길 7,기타, 만원-2만원,2022-06-22,맛있다,4.0,4.0,0.0,0.0,4.3
1847,대하식당,4.3,종로구, 서울특별시 종로구 자하문로7길 27,한식, 만원-2만원,2022-02-09,맛있다,8.0,8.0,0.0,0.0,4.3
1849,호남집,4.3,종로구, 서울특별시 종로구 종로40가길 5,한식, 만원 미만,2022-04-01,맛있다,6.0,6.0,0.0,0.0,4.3
1850,전라도횟집,4.3,종로구, 서울특별시 종로구 창경궁로 88,기타, 2만원-3만원,2022-06-14,맛있다,7.0,6.0,1.0,0.0,3.6857142857142855
1851,옐로베리,4.3,종로구, 서울특별시 종로구 우정국로2길 40,한식, 만원 미만,2022-06-02,맛있다,4.0,4.0,0.0,0.0,4.3
1870,오설록,4.2,종로구, 서울특별시 종로구 북촌로 45,카페/디저트, 만원 미만,3 일 전,괜찮다,18.0,16.0,2.0,0.0,3.7333333333333334
1876,퀴진라끌레,4.2,종로구, 서울특별시 종로구 자하문로7길 36,다국적음식, 2만원-3만원,2022-06-08,맛있다,19.0,16.0,3.0,0.0,3.5368421052631582
1880,세루리안,4.2,종로구, 서울특별시 종로구 인사동12길 17,카페/디저트, 만원 미만,2022-05-23,맛있다,23.0,20.0,3.0,0.0,3.652173913043478
1883,커피브론즈,4.2,종로구, 서울특별시 종로구 율곡로5길 20,카페/디저트, 만원 미만,2022-04-23,맛있다,12.0,10.0,2.0,0.0,3.5
1886,세이지핀치,4.2,종로구, 서울특별시 종로구 필운대로1길 8 1F,카페/디저트, 만원 미만,2022-06-18,맛있다,10.0,9.0,1.0,0.0,3.7800000000000002
1889,고메식당,4.2,종로구, 서울특별시 종로구 종로10길 14,한식, 만원-2만원,2022-07-10,맛있다,6.0,5.0,1.0,0.0,3.5
1891,북촌도담,4.2,종로구, 서울특별시 종로구 북촌로1길 9,한식, 만원 미만,2022-07-15,맛있다,10.0,9.0,1.0,0.0,3.7800000000000002
1892,안덕,4.2,종로구, 서울특별시 종로구 자하문로17길 18 1F,한식, 만원-2만원,2022-06-18,맛있다,6.0,5.0,1.0,0.0,3.5
1893,튀튀쿠키,4.2,종로구, 서울특별시 종로구 자하문로7길 69-1,카페/디저트, 만원 미만,2022-07-21,맛있다,5.0,5.0,0.0,0.0,4.2
1895,장수한방삼계탕,4.2,종로구, 서울특별시 종로구 새문안로5길 13 B1,한식, 만원-2만원,2022-02-28,맛있다,11.0,10.0,1.0,0.0,3.8181818181818183
1896,명란식당,4.2,종로구, 서울특별시 종로구 창의문로 140-1,일식, 만원 미만,2022-06-16,맛있다,10.0,9.0,1.0,0.0,3.7800000000000002
1897,노말사이클코페,4.2,종로구, 서울특별시 종로구 필운대로7길 6-8 3F,카페/디저트, 만원 미만,2022-07-28,맛있다,6.0,6.0,0.0,0.0,4.2
1900,네스트,4.2,종로구, 서울특별시 종로구 필운대로5길 11 1F,카페/디저트, 만원 미만,2022-07-27,맛있다,5.0,5.0,0.0,0.0,4.2
1902,통큰누이네 육회빈대떡,4.2,종로구, 서울특별시 종로구 동호로 403-24,한식, 만원-2만원,2022-04-13,맛있다,6.0,6.0,0.0,0.0,4.2
1903,오이지,4.2,종로구, 서울특별시 종로구 대학로9길 33,한식, 만원-2만원,2022-07-05,맛있다,6.0,5.0,1.0,0.0,3.5
1938,드엠,4.1,종로구, 서울특별시 종로구 동순라길 126-3 5F,카페/디저트, 만원 미만,2022-05-25,맛있다,17.0,15.0,2.0,0.0,3.617647058823529
1940,궤도,4.1,종로구, 서울특별시 종로구 필운대로 9-2 3F,카페/디저트, 만원 미만,2022-03-03,맛있다,14.0,12.0,2.0,0.0,3.514285714285714
1945,회현식당,4.8,중구, 서울특별시 중구 퇴계로2길 9-8,주점, 2만원-3만원,2022-08-08,괜찮다,41.0,36.0,5.0,0.0,4.214634146341463
1946,오제제,4.8,중구, 서울특별시 중구 세종대로 136 B3,일식, 만원-2만원,1 일 전,맛있다,39.0,35.0,4.0,0.0,4.3076923076923075
1947,시키카츠,4.8,중구, 서울특별시 중구 다산로42나길 14 1F,일식, 만원-2만원,2022-06-17,맛있다,34.0,29.0,5.0,0.0,4.094117647058823
1948,패스트리부티크,4.7,중구, 서울특별시 중구 동호로 249 서울신라호텔 1F,카페/디저트, 4만원 이상,2022-07-15,맛있다,97.0,83.0,14.0,0.0,4.021649484536082
1949,회현카페,4.7,중구, 서울특별시 중구 퇴계로2길 9-8 2F,일식, 2만원-3만원,2022-05-26,괜찮다,21.0,18.0,3.0,0.0,4.028571428571429
1951,더파크뷰,4.6,중구, 서울특별시 중구 동호로 249 서울신라호텔 1F,기타, 4만원 이상,2022-07-19,맛있다,161.0,127.0,32.0,2.0,3.514285714285714
1952,주옥,4.6,중구, 서울특별시 중구 소공로 119 더 플라자 3F,한식, 4만원 이상,2022-08-11,맛있다,45.0,39.0,6.0,0.0,3.9866666666666664
1954,시미베,4.6,중구, 서울특별시 중구 퇴계로 386-1,주점, 만원-2만원,2022-08-04,맛있다,17.0,14.0,3.0,0.0,3.7882352941176465
1955,유가,4.6,중구, 서울특별시 중구 퇴계로12길 68,중식, 만원-2만원,2022-05-19,맛있다,17.0,16.0,1.0,0.0,4.329411764705882
1956,황소막창구이,4.6,중구, 서울특별시 중구 을지로3길 49,한식, 만원-2만원,2022-07-12,맛있다,16.0,16.0,0.0,0.0,4.6
1964,도림,4.5,중구, 서울특별시 중구 남대문로 81 롯데호텔서울 본관 37F,중식, 4만원 이상,2021-07-12,맛있다,32.0,29.0,3.0,0.0,4.078125
1966,페스타바이민구,4.5,중구, 서울특별시 중구 장충단로 60,양식, 4만원 이상,2022-05-21,맛있다,14.0,12.0,2.0,0.0,3.857142857142857
1970,아리아께,4.4,중구, 서울특별시 중구 동호로 249 서울신라호텔 2F,일식, 4만원 이상,2022-05-18,괜찮다,49.0,44.0,5.0,0.0,3.9510204081632656
1976,다만프레르,4.4,중구, 서울특별시 중구 세종대로 136 B1 107호,카페/디저트, 만원 미만,2022-06-29,맛있다,92.0,78.0,12.0,2.0,3.539130434782609
1977,주신당,4.4,중구, 서울특별시 중구 퇴계로 411,주점, 만원-2만원,2022-07-17,맛있다,26.0,24.0,1.0,1.0,3.7230769230769236
1978,무학,4.4,중구, 서울특별시 중구 왕십리로 399,한식, 만원-2만원,2022-06-14,맛있다,26.0,23.0,3.0,0.0,3.8923076923076922
1984,무궁화,4.4,중구, 서울특별시 중구 남대문로 81 롯데호텔서울 본관 38F,한식, 4만원 이상,2022-06-23,맛있다,9.0,9.0,0.0,0.0,4.4
1985,어시장전주식당,4.4,중구, 서울특별시 중구 창경궁로 67-13,기타, 만원-2만원,2022-06-21,맛있다,18.0,17.0,1.0,0.0,4.155555555555556
1986,나이스타임2,4.4,중구, 서울특별시 중구 남대문로9길 6,양식, 2만원-3만원,2022-07-22,맛있다,6.0,5.0,1.0,0.0,3.6666666666666665
1987,동강나루터,4.4,중구, 서울특별시 중구 삼일대로12길 13,기타, 만원-2만원,2022-06-23,맛있다,14.0,12.0,2.0,0.0,3.771428571428572
2002,야래향,4.3,중구, 서울특별시 중구 퇴계로10길 14 태공관 1F,중식, 2만원-3만원,2022-07-10,괜찮다,19.0,17.0,2.0,0.0,3.8473684210526313
2006,오트렉,4.3,중구, 서울특별시 중구 퇴계로41길 43 3F,다국적음식, 3만원-4만원,2022-07-04,맛있다,23.0,19.0,4.0,0.0,3.5521739130434784
2010,수와,4.3,중구, 서울특별시 중구 다산로11길 19 백석빌딩 신관 102호,양식, 만원-2만원,2021-06-26,맛있다,17.0,14.0,3.0,0.0,3.541176470588235
2013,을지로양대장,4.3,중구, 서울특별시 중구 수표로 54-1 2F,한식, 만원-2만원,2022-05-26,맛있다,17.0,14.0,3.0,0.0,3.541176470588235
2016,엘까페씨또바,4.3,중구, 서울특별시 중구 동호로11가길 25 1F,카페/디저트, 만원 미만,2022-07-10,맛있다,11.0,11.0,0.0,0.0,4.3
2018,드로우에스프레소바,4.3,중구, 서울특별시 중구 서소문로6길 45 1F,카페/디저트, 만원 미만,2022-07-08,맛있다,11.0,10.0,1.0,0.0,3.909090909090909
2019,세림,4.3,중구, 서울특별시 중구 을지로1길 32-3,한식, 2만원-3만원,2022-04-07,맛있다,6.0,5.0,1.0,0.0,3.5833333333333335
2021,앨리키친,4.3,중구, 서울특별시 중구 퇴계로 304-14,양식, 만원-2만원,2022-01-31,맛있다,11.0,9.0,2.0,0.0,3.5181818181818176
2022,고씨네고추장찌개,4.3,중구, 서울특별시 중구 수표로 26 1F,한식, 만원 미만,2022-04-27,맛있다,5.0,5.0,0.0,0.0,4.3
2023,존라멘,4.3,중구, 서울특별시 중구 퇴계로49길 33 1F,일식, 만원 미만,2022-07-09,맛있다,5.0,5.0,0.0,0.0,4.3
2024,마포쭈꾸미,4.3,중구, 서울특별시 중구 을지로15길 9-1,기타, 만원-2만원,2022-07-11,맛있다,7.0,7.0,0.0,0.0,4.3
2025,황소집,4.3,중구, 서울특별시 중구 충무로2길 2,한식, 2만원-3만원,2022-03-31,맛있다,7.0,7.0,0.0,0.0,4.3
2027,땡초곱창,4.3,중구, 서울특별시 중구 퇴계로87길 54,한식, 만원-2만원,2022-06-20,맛있다,9.0,9.0,0.0,0.0,4.3
2028,우동가조쿠,4.3,중구, 서울특별시 중구 동호로14길 23 2F,일식, 만원 미만,2022-08-07,맛있다,6.0,6.0,0.0,0.0,4.3
2029,호우섬,4.3,중구, 서울특별시 중구 을지로 30 14F,중식, 2만원-3만원,2022-07-02,맛있다,5.0,5.0,0.0,0.0,4.3
2030,대원집,4.3,중구, 서울특별시 중구 을지로3길 30-4,한식, 만원-2만원,2022-07-31,맛있다,5.0,5.0,0.0,0.0,4.3
2031,신동궁감자탕,4.3,중구, 서울특별시 중구 명동9길 43,한식, 만원-2만원,5 일 전,맛있다,6.0,5.0,1.0,0.0,3.5833333333333335
2046,스시 소우카이,4.2,중구, 서울특별시 중구 동호로35길 5 B1,일식, 2만원-3만원,2021-01-21,맛있다,11.0,10.0,1.0,0.0,3.8181818181818183
2057,쓰리도어즈,4.2,중구, 서울특별시 중구 삼일대로12길 21,주점, 2만원-3만원,2022-07-27,괜찮다,23.0,21.0,2.0,0.0,3.8347826086956522
2060,온수반,4.2,중구, 서울특별시 중구 퇴계로34길 16-9,다국적음식, 만원-2만원,2022-06-15,맛있다,18.0,15.0,3.0,0.0,3.5
2064,한가람,4.2,중구, 서울특별시 중구 남대문로5길 25,한식, 만원-2만원,2022-07-21,맛있다,8.0,7.0,1.0,0.0,3.6750000000000003
2065,황성집,4.2,중구, 서울특별시 중구 청파로 447-15,한식, 만원 미만,2022-07-29,괜찮다,14.0,12.0,2.0,0.0,3.6000000000000005
2069,옵튼,4.2,중구, 서울특별시 중구 만리재로 205-1,카페/디저트, 만원 미만,2022-07-20,맛있다,8.0,8.0,0.0,0.0,4.2
2100,에딕티,4.1,중구, 서울특별시 중구 명동4길 15 1F,카페/디저트, 만원 미만,2022-08-01,괜찮다,9.0,8.0,1.0,0.0,3.644444444444444
2102,영덕회식당,4.1,중구, 서울특별시 중구 무교로 32 B1,기타, 만원-2만원,2022-07-13,맛있다,8.0,7.0,1.0,0.0,3.5874999999999995
2103,도마,4.1,중구, 서울특별시 중구 중림로 31 이화빌딩,한식, 2만원-3만원,2022-05-13,맛있다,8.0,8.0,0.0,0.0,4.1
2135,서울케밥,4.8,용산구, 서울특별시 용산구 새창로 181 선인상가 1F 11호,다국적음식, 만원 미만,2 일 전,맛있다,86.0,78.0,5.0,3.0,4.01860465116279
2137,포카치아델라스트라다,4.7,용산구, 서울특별시 용산구 한강대로46길 11,양식, 만원-2만원,2 일 전,괜찮다,52.0,41.0,10.0,1.0,3.5250000000000004
2138,카밀로한남,4.7,용산구, 서울특별시 용산구 한남대로20길 61-5 3F,양식, 2만원-3만원,2022-07-04,괜찮다,34.0,28.0,5.0,1.0,3.5941176470588236
2139,양인환대극진,4.7,용산구, 서울특별시 용산구 한강대로40길 14 1F 104호,양식, 3만원-4만원,21 시간 전,맛있다,11.0,11.0,0.0,0.0,4.7
2140,치즈플로,4.7,용산구, 서울특별시 용산구 이태원로49길 19,양식, 3만원-4만원,2022-08-09,맛있다,49.0,42.0,6.0,1.0,3.836734693877551
2141,시멘트,4.7,용산구, 서울특별시 용산구 대사관로11길 57,양식, 2만원-3만원,2022-07-16,맛있다,21.0,19.0,1.0,1.0,3.8047619047619046
2143,조이스팔라펠,4.7,용산구, 서울특별시 용산구 신흥로15길 18-8 보다서울 1F,다국적음식, 만원-2만원,2022-07-27,맛있다,14.0,14.0,0.0,0.0,4.7
2144,세스타,4.7,용산구, 서울특별시 용산구 한남대로20길 21-18 1F,양식, 3만원-4만원,2022-05-15,맛있다,13.0,13.0,0.0,0.0,4.7
2149,레에스티우,4.6,용산구, 서울특별시 용산구 대사관로20길 5,다국적음식, 만원-2만원,2022-08-05,맛있다,34.0,30.0,3.0,1.0,3.788235294117647
2151,양인환대 정인,4.6,용산구, 서울특별시 용산구 한강대로40길 14 2F 104호,한식, 4만원 이상,2022-07-12,맛있다,7.0,7.0,0.0,0.0,4.6
2152,시칠리,4.6,용산구, 서울특별시 용산구 이태원로55가길 13,양식, 4만원 이상,4 일 전,맛있다,15.0,14.0,0.0,1.0,3.6799999999999997
2153,카카오봄,4.6,용산구, 서울특별시 용산구 한강대로62길 45-11,카페/디저트, 만원 미만,1 시간 전,맛있다,31.0,29.0,1.0,1.0,4.006451612903225
2154,알레즈,4.6,용산구, 서울특별시 용산구 독서당로 89,양식, 4만원 이상,2022-08-03,맛있다,12.0,11.0,1.0,0.0,4.216666666666666
2155,뷔봉,4.6,용산구, 서울특별시 용산구 원효로83길 7-2 B1,다국적음식, 만원-2만원,2022-06-02,맛있다,10.0,9.0,1.0,0.0,4.14
2156,FOURB,4.6,용산구, 서울특별시 용산구 한강대로23길 55 리빙파크 4F,카페/디저트, 만원 미만,2022-08-04,괜찮다,28.0,26.0,2.0,0.0,4.271428571428571
2157,뮤땅,4.6,용산구, 서울특별시 용산구 대사관로12길 4-2 2F,다국적음식, 3만원-4만원,2022-04-24,맛있다,12.0,11.0,1.0,0.0,4.216666666666666
2158,라따뚜이인서울,4.6,용산구, 서울특별시 용산구 청파로 270-2 1F,다국적음식, 3만원-4만원,2022-04-28,맛있다,8.0,8.0,0.0,0.0,4.6
2159,브라이리퍼블릭,4.5,용산구, 서울특별시 용산구 이태원로14길 19,다국적음식, 만원-2만원,3 일 전,맛있다,372.0,306.0,60.0,6.0,3.556451612903226
2163,한남작업실,4.5,용산구, 서울특별시 용산구 이태원로55나길 7,카페/디저트, 만원 미만,2022-08-07,맛있다,58.0,47.0,11.0,0.0,3.646551724137931
2168,반창고,4.5,용산구, 서울특별시 용산구 회나무로 20-1 B1,주점, 2만원-3만원,2022-08-09,맛있다,16.0,16.0,0.0,0.0,4.5
2169,아티장베이커스,4.5,용산구, 서울특별시 용산구 한남대로18길 26 1F,카페/디저트, 만원 미만,2022-05-29,괜찮다,60.0,55.0,5.0,0.0,4.125
2170,푸에고,4.5,용산구, 서울특별시 용산구 유엔빌리지길 14,양식, 2만원-3만원,2022-06-28,맛있다,13.0,12.0,1.0,0.0,4.153846153846154
2172,주파카,4.5,용산구, 서울특별시 용산구 이태원로54길 68-5 1F,다국적음식, 만원-2만원,2022-07-23,맛있다,11.0,10.0,1.0,0.0,4.090909090909091
2173,화양연가,4.5,용산구, 서울특별시 용산구 한강대로76길 5,중식, 2만원-3만원,2022-07-14,맛있다,37.0,35.0,2.0,0.0,4.256756756756757
2174,부토,4.5,용산구, 서울특별시 용산구 한남대로27가길 32,한식, 3만원-4만원,2022-04-24,맛있다,16.0,15.0,1.0,0.0,4.21875
2175,봉쥬르스고이,4.5,용산구, 서울특별시 용산구 회나무로32 B1,일식, 2만원-3만원,2022-08-06,맛있다,7.0,7.0,0.0,0.0,4.5
2193,디템포레,4.4,용산구, 서울특별시 용산구 한남대로 37 1F,다국적음식, 4만원 이상,2022-06-19,맛있다,18.0,15.0,3.0,0.0,3.6666666666666665
2196,우라만,4.4,용산구, 서울특별시 용산구 소월로38길 25 1F,한식, 4만원 이상,2022-05-29,맛있다,16.0,16.0,0.0,0.0,4.4
2199,부산복국 고래고기,4.4,용산구, 서울특별시 용산구 한강대로 272-1 2F,기타, 만원-2만원,2022-05-25,맛있다,12.0,11.0,1.0,0.0,4.033333333333334
2200,캘리포니아키친앤크래프트펍,4.4,용산구, 서울특별시 용산구 회나무로26길 3 라인빌 2F,주점, 만원-2만원,2022-05-01,맛있다,32.0,30.0,2.0,0.0,4.125
2201,끌라시끄,4.4,용산구, 서울특별시 용산구 우사단로4길 28,카페/디저트, 만원 미만,2022-05-23,맛있다,15.0,14.0,1.0,0.0,4.106666666666667
2202,쎄니에,4.4,용산구, 서울특별시 용산구 원효로83길 7-6 1F,양식, 2만원-3만원,2022-05-09,맛있다,14.0,12.0,2.0,0.0,3.771428571428572
2204,이태원소주집,4.4,용산구, 서울특별시 용산구 녹사평대로40길 46 2F,주점, 2만원-3만원,2022-04-02,괜찮다,27.0,25.0,2.0,0.0,4.074074074074074
2205,용산양꼬치,4.4,용산구, 서울특별시 용산구 백범로99길 60 1F,중식, 만원-2만원,2022-03-30,맛있다,24.0,21.0,3.0,0.0,3.85
2206,서울브루어리,4.4,용산구, 서울특별시 용산구 한남대로18길 18 2F,주점, 만원-2만원,2022-06-27,맛있다,13.0,13.0,0.0,0.0,4.4
2207,바우카페,4.4,용산구, 서울특별시 용산구 한강대로62길 37 1F,카페/디저트, 만원 미만,3 일 전,맛있다,18.0,18.0,0.0,0.0,4.4
2209,미타스,4.4,용산구, 서울특별시 용산구 이촌로75길 16-9,주점, 만원-2만원,2022-06-16,맛있다,7.0,7.0,0.0,0.0,4.4
2210,쿠로이야,4.4,용산구, 서울특별시 용산구 이태원로16길 14-4,주점, 2만원-3만원,2022-06-06,맛있다,11.0,10.0,1.0,0.0,4.0
2211,잭슨피자,4.4,용산구, 서울특별시 용산구 서빙고로 67 상가 1F B12호,양식, 만원-2만원,2022-05-31,맛있다,13.0,13.0,0.0,0.0,4.4
2212,바이두부,4.4,용산구, 서울특별시 용산구 소월로20길 10,양식, 만원-2만원,2022-02-17,맛있다,6.0,6.0,0.0,0.0,4.4
2213,미국 양반통닭,4.4,용산구, 서울특별시 용산구 회나무로13가길 3-8,양식, 2만원-3만원,2022-06-25,맛있다,5.0,5.0,0.0,0.0,4.4
2214,소세지하우스,4.4,용산구, 서울특별시 용산구 새창로 132 2F,양식, 만원-2만원,2022-07-23,맛있다,4.0,4.0,0.0,0.0,4.4
2215,비일,4.4,용산구, 서울특별시 용산구 청파로45길 36,양식, 만원-2만원,2022-07-05,맛있다,7.0,7.0,0.0,0.0,4.4
2233,유용욱바베큐연구소,4.3,용산구, 서울특별시 용산구 한강대로84길 5-7 남영아케이드,양식, 4만원 이상,2022-03-18,맛있다,9.0,8.0,1.0,0.0,3.822222222222222
2234,REVEAT,4.3,용산구, 서울특별시 용산구 독서당로29길 6 1F,다국적음식, 4만원 이상,2022-02-14,맛있다,17.0,15.0,2.0,0.0,3.7941176470588234
2236,스시이젠,4.3,용산구, 서울특별시 용산구 한강대로 95 래미안용산 더 센트럴 B2 247호,일식, 4만원 이상,2022-03-21,맛있다,8.0,7.0,1.0,0.0,3.7624999999999997
2238,재인,4.3,용산구, 서울특별시 용산구 이태원로54길 48 2F,카페/디저트, 만원 미만,1 일 전,맛있다,16.0,15.0,1.0,0.0,4.03125
2243,누랑즈뉘,4.3,용산구, 서울특별시 용산구 녹사평대로46길 34-2,중식, 4만원 이상,2021-02-22,맛있다,20.0,18.0,2.0,0.0,3.8699999999999997
2245,뽀르누서울,4.3,용산구, 서울특별시 용산구 서빙고로91나길 46 1F,카페/디저트, 만원 미만,2022-07-20,맛있다,12.0,12.0,0.0,0.0,4.3
2250,물고기주택,4.3,용산구, 서울특별시 용산구 한강대로48길 19,기타, 2만원-3만원,2022-06-26,괜찮다,18.0,15.0,3.0,0.0,3.5833333333333335
2252,몬스터플레이스,4.3,용산구, 서울특별시 용산구 청파로43길 70,양식, 만원 미만,2022-04-20,맛있다,26.0,22.0,4.0,0.0,3.6384615384615384
2253,산수화,4.3,용산구, 서울특별시 용산구 한남대로20길 21-14,카페/디저트, 만원-2만원,2021-11-08,맛있다,10.0,10.0,0.0,0.0,4.3
2254,탄산바,4.3,용산구, 서울특별시 용산구 이태원로49길 24-8,주점, 2만원-3만원,2022-08-02,맛있다,13.0,12.0,1.0,0.0,3.969230769230769
2257,야키니쿠소문,4.3,용산구, 서울특별시 용산구 장문로 85 1F,일식, 2만원-3만원,2022-06-16,맛있다,8.0,8.0,0.0,0.0,4.3
2258,Komad,4.3,용산구, 서울특별시 용산구 대사관로31길 20 2F,양식, 4만원 이상,2022-02-28,맛있다,6.0,5.0,1.0,0.0,3.5833333333333335
2261,팻캣,4.3,용산구, 서울특별시 용산구 신흥로 28,양식, 만원-2만원,2022-01-26,맛있다,18.0,16.0,2.0,0.0,3.822222222222222
2262,모르페커피,4.3,용산구, 서울특별시 용산구 원효로89길 13-1 1F,카페/디저트, 만원 미만,3 일 전,맛있다,9.0,9.0,0.0,0.0,4.3
2264,한길포장마차,4.3,용산구, 서울특별시 용산구 이촌로75길 16-9,주점, 만원-2만원,2022-05-28,맛있다,10.0,10.0,0.0,0.0,4.3
2266,심퍼티쿠시,4.3,용산구, 서울특별시 용산구 한강대로52길 17-3 1F,주점, 3만원-4만원,2022-07-31,맛있다,4.0,4.0,0.0,0.0,4.3
2268,원조숯불통닭바베큐,4.3,용산구, 서울특별시 용산구 효창원로 99,한식, 만원-2만원,2022-06-18,맛있다,4.0,4.0,0.0,0.0,4.3
2293,팟카파우,4.2,용산구, 서울특별시 용산구 신흥로 97-6 2F,다국적음식, 만원-2만원,2022-08-08,맛있다,21.0,19.0,2.0,0.0,3.8
2304,스톡드,4.2,용산구, 서울특별시 용산구 한강대로7길 18-13 2F,카페/디저트, 만원 미만,1 일 전,괜찮다,14.0,12.0,2.0,0.0,3.6000000000000005
2311,데일리루틴,4.2,용산구, 서울특별시 용산구 한강대로84길 5-8,카페/디저트, 만원 미만,2022-08-07,괜찮다,11.0,10.0,1.0,0.0,3.8181818181818183
2316,티하우스레몬,4.2,용산구, 서울특별시 용산구 한강대로 95 래미안 용산더센트럴 B2 16-17호,카페/디저트, 만원 미만,2022-02-03,괜찮다,16.0,14.0,2.0,0.0,3.6750000000000003
2317,하리서울,4.2,용산구, 서울특별시 용산구 한강대로 153-1 1F 101호,주점, 4만원 이상,2022-07-16,맛있다,7.0,6.0,1.0,0.0,3.6000000000000005
2318,와인집,4.2,용산구, 서울특별시 용산구 백범로90라길 45,주점, 만원-2만원,2022-06-26,맛있다,5.0,5.0,0.0,0.0,4.2
2319,카우치커피,4.2,용산구, 서울특별시 용산구 한강대로104길 6 2F,카페/디저트, 만원 미만,2022-08-10,맛있다,5.0,5.0,0.0,0.0,4.2
2320,당케커피,4.2,용산구, 서울특별시 용산구 한강대로48길 16,카페/디저트, 만원 미만,2022-06-09,맛있다,4.0,4.0,0.0,0.0,4.2
2323,원효림,4.2,용산구, 서울특별시 용산구 백범로 322-1,한식, 만원-2만원,2021-11-21,맛있다,6.0,6.0,0.0,0.0,4.2
2324,인생의하이라이트,4.2,용산구, 서울특별시 용산구 이촌로77길 19 이촌종합상가,주점, 만원-2만원,2022-07-15,맛있다,6.0,6.0,0.0,0.0,4.2
2325,백경식당,4.2,용산구, 서울특별시 용산구 한강대로54길 20,한식, 만원 미만,2022-06-15,맛있다,4.0,4.0,0.0,0.0,4.2
2326,디핀옥수,4.8,성동구, 서울특별시 성동구 독서당로 194 B1,양식, 2만원-3만원,2022-08-09,맛있다,29.0,26.0,2.0,1.0,3.972413793103448
2327,미오도쿄다이닝,4.8,성동구, 서울특별시 성동구 연무장5가길 7 현대테라스타워 117호,일식, 만원-2만원,2022-08-09,괜찮다,46.0,42.0,4.0,0.0,4.3826086956521735
2329,쿠나,4.7,성동구, 서울특별시 성동구 연무장5길 9-16 105호,양식, 만원-2만원,2022-06-27,맛있다,51.0,45.0,4.0,2.0,3.77843137254902
2333,프롤라,4.6,성동구, 서울특별시 성동구 연무장17길 5 1F,카페/디저트, 만원 미만,3 일 전,맛있다,37.0,32.0,5.0,0.0,3.978378378378378
2334,로우커피스탠드,4.6,성동구, 서울특별시 성동구 왕십리로4길 28-2 1F,카페/디저트, 만원 미만,2022-07-13,맛있다,81.0,70.0,9.0,2.0,3.748148148148148
2335,돈까스전원,4.6,성동구, 서울특별시 성동구 왕십리로24길 13,일식, 만원-2만원,2022-07-06,맛있다,31.0,26.0,4.0,1.0,3.561290322580645
2336,지우관,4.6,성동구, 서울특별시 성동구 뚝섬로9길 16,중식, 만원-2만원,3 일 전,맛있다,8.0,8.0,0.0,0.0,4.6
2340,발렁스,4.5,성동구, 서울특별시 성동구 성수일로4길 49-1,카페/디저트, 만원 미만,6 일 전,맛있다,49.0,43.0,6.0,0.0,3.9489795918367347
2342,가조쿠,4.5,성동구, 서울특별시 성동구 연무장길 31-2 1F,일식, 만원 미만,2022-07-30,맛있다,39.0,32.0,7.0,0.0,3.6923076923076925
2343,성수 수집,4.5,성동구, 서울특별시 성동구 성수일로1길 10 1F,일식, 4만원 이상,2022-06-04,맛있다,6.0,5.0,1.0,0.0,3.75
2344,인덕상점,4.5,성동구, 서울특별시 성동구 매봉길 2 2F,일식, 3만원-4만원,3 시간 전,괜찮다,5.0,4.0,1.0,0.0,3.6
2345,SUSHI702,4.5,성동구, 서울특별시 성동구 매봉길 20 1F 1호,일식, 2만원-3만원,2021-11-23,맛있다,4.0,4.0,0.0,0.0,4.5
2346,오스테리아 파로,4.5,성동구, 서울특별시 성동구 서울숲6길 20,양식, 2만원-3만원,2022-04-13,맛있다,4.0,4.0,0.0,0.0,4.5
2352,마테오견문록,4.4,성동구, 서울특별시 성동구 금호로 17,양식, 2만원-3만원,2022-06-19,맛있다,30.0,26.0,4.0,0.0,3.8133333333333335
2355,당도,4.4,성동구, 서울특별시 성동구 왕십리로 80 2F,카페/디저트, 만원 미만,2022-07-09,맛있다,49.0,41.0,8.0,0.0,3.6816326530612247
2356,높은산,4.4,성동구, 서울특별시 성동구 성수이로 18-1,카페/디저트, 만원 미만,2022-07-30,맛있다,15.0,15.0,0.0,0.0,4.4
2357,마리오네,4.4,성동구, 서울특별시 성동구 성수이로12길 15 1F,양식, 만원-2만원,2022-04-29,맛있다,7.0,7.0,0.0,0.0,4.4
2358,먼치스앤구디스,4.4,성동구, 서울특별시 성동구 연무장길 33 1F,카페/디저트, 만원 미만,2022-06-06,맛있다,8.0,8.0,0.0,0.0,4.4
2370,성수베이킹스튜디오,4.3,성동구, 서울특별시 성동구 서울숲2길 46 B1,카페/디저트, 만원 미만,2022-07-25,괜찮다,28.0,23.0,5.0,0.0,3.532142857142857
2371,포지티브 서울숲,4.3,성동구, 서울특별시 성동구 서울숲2길 45,카페/디저트, 만원 미만,1 일 전,맛있다,18.0,16.0,2.0,0.0,3.822222222222222
2372,패딩턴,4.3,성동구, 서울특별시 성동구 독서당로 317-2,주점, 2만원-3만원,2022-01-10,괜찮다,10.0,9.0,1.0,0.0,3.8699999999999997
2376,더즌오이스터,4.3,성동구, 서울특별시 성동구 서울숲4길 12-7,양식, 2만원-3만원,2022-04-29,맛있다,10.0,9.0,1.0,0.0,3.8699999999999997
2377,투그,4.3,성동구, 서울특별시 성동구 성수이로14길 5 1F,양식, 만원 미만,2022-07-09,맛있다,6.0,6.0,0.0,0.0,4.3
2379,시옹마오,4.3,성동구, 서울특별시 성동구 연무장7길 7-1 3F,다국적음식, 만원 미만,1 일 전,맛있다,9.0,8.0,1.0,0.0,3.822222222222222
2380,기미사,4.3,성동구, 서울특별시 성동구 성수이로26길 47 B1-1F,카페/디저트, 만원 미만,2022-04-16,맛있다,8.0,7.0,1.0,0.0,3.7624999999999997
2382,금호모소리,4.3,성동구, 서울특별시 성동구 장터길 32 1F,한식, 만원-2만원,2022-04-26,맛있다,5.0,5.0,0.0,0.0,4.3
2383,눈꽃돼지,4.3,성동구, 서울특별시 성동구 왕십리로8길 17-4,한식, 만원-2만원,2022-07-17,맛있다,4.0,4.0,0.0,0.0,4.3
2384,스트로베리32,4.3,성동구, 서울특별시 성동구 왕십리로10길 9-31 2F,카페/디저트, 2만원-3만원,2022-07-13,맛있다,4.0,4.0,0.0,0.0,4.3
2385,먹거리돌소곱창,4.3,성동구, 서울특별시 성동구 장터길 30,한식,0,2022-06-28,맛있다,6.0,6.0,0.0,0.0,4.3
2386,김경자원조손칼국수보쌈,4.3,성동구, 서울특별시 성동구 금호산2길 20-1,한식, 만원 미만,2022-04-20,맛있다,4.0,4.0,0.0,0.0,4.3
2393,포포민즈낫띵,4.2,성동구, 서울특별시 성동구 왕십리로10길 8 1F,카페/디저트, 만원 미만,2022-08-11,맛있다,17.0,15.0,2.0,0.0,3.7058823529411766
2399,테이퍼드커피,4.2,성동구, 서울특별시 성동구 독서당로 216 1F,카페/디저트, 만원 미만,2022-06-10,맛있다,14.0,12.0,2.0,0.0,3.6000000000000005
2402,롸카두들내쉬빌핫치킨,4.2,성동구, 서울특별시 성동구 성수일로4길 25 108호,양식, 만원 미만,2022-07-02,맛있다,8.0,7.0,1.0,0.0,3.6750000000000003
2403,파티세리후르츠,4.2,성동구, 서울특별시 성동구 아차산로5길 37-1 1F,카페/디저트, 만원 미만,2022-06-08,맛있다,5.0,5.0,0.0,0.0,4.2
2404,센서리커피로스터스,4.2,성동구, 서울특별시 성동구 독서당로 315-13 1F,카페/디저트, 만원 미만,2022-08-09,맛있다,5.0,5.0,0.0,0.0,4.2
2405,이월로스터스,4.2,성동구, 서울특별시 성동구 서울숲2길 46,카페/디저트, 만원 미만,2022-06-06,맛있다,9.0,8.0,1.0,0.0,3.7333333333333334
2408,다운타우너,4.2,성동구, 서울특별시 성동구 연무장3길 9,양식, 만원 미만,2022-07-15,맛있다,6.0,6.0,0.0,0.0,4.2
2409,고공,4.2,성동구, 서울특별시 성동구 왕십리로8길 10,한식, 2만원-3만원,2022-06-30,맛있다,8.0,7.0,1.0,0.0,3.6750000000000003
2410,디플랫,4.2,성동구, 서울특별시 성동구 연무장길 90 1F,카페/디저트, 만원 미만,2022-07-31,맛있다,4.0,4.0,0.0,0.0,4.2
2424,모찌모찌브래드,4.1,성동구, 서울특별시 성동구 한림말3길 14,카페/디저트, 만원 미만,2022-04-19,맛있다,18.0,16.0,2.0,0.0,3.644444444444444
2425,만나떡볶이,4.1,성동구, 서울특별시 성동구 왕십리로24길 27,한식, 만원 미만,2022-06-12,맛있다,9.0,8.0,1.0,0.0,3.644444444444444
2426,만두전빵,4.1,성동구, 서울특별시 성동구 행당로15길 2,한식, 만원 미만,2021-11-20,맛있다,28.0,26.0,2.0,0.0,3.807142857142857
2432,전풍호텔라운지,4.1,성동구, 서울특별시 성동구 무학봉28길 7 전풍호텔라운지 1F,양식, 만원-2만원,2022-08-10,맛있다,11.0,10.0,1.0,0.0,3.727272727272727
2434,라프레플루트,4.1,성동구, 서울특별시 성동구 서울숲2길 8-8 2F,카페/디저트, 만원 미만,2022-07-17,맛있다,6.0,6.0,0.0,0.0,4.1
2435,메종파이프그라운드,4.1,성동구, 서울특별시 성동구 왕십리로 83-21 B124-5호,카페/디저트, 만원 미만,2022-04-02,맛있다,7.0,6.0,1.0,0.0,3.514285714285714
2439,정돈,4.1,성동구, 서울특별시 성동구 왕십리로 83-21 B1,일식, 만원-2만원,2022-06-30,맛있다,5.0,5.0,0.0,0.0,4.1
2458,에이투비,4.0,성동구, 서울특별시 성동구 아차산로11길 3 2F,카페/디저트, 만원 미만,2022-05-21,맛있다,9.0,8.0,1.0,0.0,3.5555555555555554
2464,OUDO,4.0,성동구, 서울특별시 성동구 성수일로 55 106호,카페/디저트, 만원 미만,1 일 전,맛있다,8.0,7.0,1.0,0.0,3.5
2469,주052,4.0,성동구, 서울특별시 성동구 고산자로14길 26,주점, 2만원-3만원,2022-06-15,맛있다,11.0,10.0,1.0,0.0,3.6363636363636362
2516,멕시칼리,4.6,광진구, 서울특별시 광진구 능동로36길 181,다국적음식, 만원 미만,6 일 전,맛있다,30.0,27.0,3.0,0.0,4.14
2517,뚝방길 홍차가게,4.5,광진구, 서울특별시 광진구 자양강변길 277,카페/디저트, 만원 미만,2022-07-13,맛있다,66.0,59.0,5.0,2.0,3.75
2518,시홍쓰,4.5,광진구, 서울특별시 광진구 능동로17길 5 1F,중식, 만원 미만,2022-07-15,맛있다,15.0,14.0,1.0,0.0,4.2
2519,얼땅쟈,4.5,광진구, 서울특별시 광진구 동일로18길 68,중식, 만원-2만원,2022-08-10,맛있다,12.0,11.0,1.0,0.0,4.125
2527,플록,4.4,광진구, 서울특별시 광진구 자양로19길 8 광석빌딩 1F,다국적음식, 만원-2만원,2022-06-05,맛있다,15.0,14.0,1.0,0.0,4.106666666666667
2528,이화만두,4.4,광진구, 서울특별시 광진구 능동로 278-1,한식, 만원 미만,2022-07-30,맛있다,9.0,9.0,0.0,0.0,4.4
2529,남한강민물매운탕,4.4,광진구, 서울특별시 광진구 동일로 150,기타, 만원-2만원,2022-06-29,맛있다,14.0,14.0,0.0,0.0,4.4
2530,환이네갈비살 (휴업중),4.4,광진구, 서울특별시 광진구 동일로24길 70,한식, 만원-2만원,2022-05-31,맛있다,15.0,13.0,2.0,0.0,3.8133333333333335
2531,드로잉레시피,4.4,광진구, 서울특별시 광진구 뚝섬로33길 45 상석빌딩,양식, 만원-2만원,2022-06-20,맛있다,9.0,9.0,0.0,0.0,4.4
2534,로이베이커리카페,4.3,광진구, 서울특별시 광진구 능동로 36 1F,카페/디저트, 만원 미만,2022-08-03,맛있다,17.0,17.0,0.0,0.0,4.3
2535,폽타이,4.3,광진구, 서울특별시 광진구 자양번영로6길 60 1F,다국적음식, 만원-2만원,2022-06-17,맛있다,8.0,8.0,0.0,0.0,4.3
2536,선장훅,4.3,광진구, 서울특별시 광진구 동일로24길 38-1 1F,기타, 3만원-4만원,2022-01-29,맛있다,7.0,6.0,1.0,0.0,3.6857142857142855
2545,초라멘,4.2,광진구, 서울특별시 광진구 능동로13길 80 1F,일식, 만원 미만,2022-04-13,맛있다,20.0,17.0,3.0,0.0,3.5700000000000003
2547,미주류,4.2,광진구, 서울특별시 광진구 면목로 31,주점, 만원-2만원,2022-05-08,맛있다,7.0,7.0,0.0,0.0,4.2
2548,Daughter,4.2,광진구, 서울특별시 광진구 아차산로31길 40,카페/디저트, 만원 미만,2022-08-08,맛있다,13.0,12.0,1.0,0.0,3.8769230769230774
2549,최가커피회관,4.2,광진구, 서울특별시 광진구 능동로13길 30 B1,카페/디저트, 만원 미만,2022-06-19,맛있다,7.0,7.0,0.0,0.0,4.2
2561,스미다,4.1,광진구, 서울특별시 광진구 천호대로109길 18 1F,카페/디저트, 만원 미만,4 일 전,괜찮다,17.0,15.0,2.0,0.0,3.617647058823529
2564,알고,4.1,광진구, 서울특별시 광진구 광나루로17길 10 2F,주점, 만원-2만원,2022-06-28,맛있다,13.0,12.0,1.0,0.0,3.7846153846153845
2566,민정식당,4.1,광진구, 서울특별시 광진구 아차산로42길 41-4 1F,한식, 만원-2만원,2022-07-19,맛있다,18.0,16.0,2.0,0.0,3.644444444444444
2574,델비노,4.0,광진구, 서울특별시 광진구 워커힐로 177 비스타 워커힐 1F,양식, 3만원-4만원,2 일 전,괜찮다,8.0,7.0,1.0,0.0,3.5
2587,포크포크,4.0,광진구, 서울특별시 광진구 동일로22길 117-16 1F,한식, 만원 미만,2022-08-03,맛있다,9.0,8.0,1.0,0.0,3.5555555555555554
2607,김돈이,3.9,광진구, 서울특별시 광진구 아차산로 397,한식, 만원-2만원,2022-06-13,맛있다,6.0,6.0,0.0,0.0,3.9
2713,대성반점,4.6,강동구, 서울특별시 강동구 천중로15길 37,중식, 만원 미만,2022-07-30,맛있다,6.0,6.0,0.0,0.0,4.6
2714,등갈비달인,4.6,강동구, 서울특별시 강동구 천호대로158길 25 1F,한식, 만원-2만원,2022-07-31,맛있다,8.0,8.0,0.0,0.0,4.6
2716,신흥정육식당,4.4,강동구, 서울특별시 강동구 양재대로89길 16,한식, 2만원-3만원,2022-06-05,맛있다,11.0,10.0,1.0,0.0,4.0
2721,짜장면 (휴업중),4.3,강동구, 서울특별시 강동구 진황도로 127 103호,중식, 만원 미만,2022-07-17,맛있다,4.0,4.0,0.0,0.0,4.3
2723,고모네원조콩탕북어탕,4.3,강동구, 서울특별시 강동구 풍성로57길 13,기타, 만원-2만원,2022-08-07,맛있다,8.0,7.0,1.0,0.0,3.7624999999999997
2724,우리동네막국수국밥,4.3,강동구, 서울특별시 강동구 상암로4길 9 1F,한식, 만원 미만,2022-05-28,맛있다,7.0,7.0,0.0,0.0,4.3
2725,영화정해장국,4.3,강동구, 서울특별시 강동구 진황도로43길 9 1F,한식, 만원 미만,2022-06-15,맛있다,11.0,11.0,0.0,0.0,4.3
2726,대팔이네,4.3,강동구, 서울특별시 강동구 구천면로24길 20-9 1F,한식, 만원-2만원,2022-07-15,맛있다,7.0,7.0,0.0,0.0,4.3
2727,꿀꿀진순대국,4.3,강동구, 서울특별시 강동구 양재대로103길 70,한식, 만원 미만,2022-07-13,맛있다,4.0,4.0,0.0,0.0,4.3
2730,캄포,4.2,강동구, 서울특별시 강동구 양재대로128길 41 1F,양식, 2만원-3만원,2022-05-09,맛있다,8.0,7.0,1.0,0.0,3.6750000000000003
2731,푸지미곱창,4.2,강동구, 서울특별시 강동구 천호옛14길 23,한식, 만원 미만,2022-06-07,맛있다,18.0,15.0,3.0,0.0,3.5
2737,천호누룽지통닭구이,4.1,강동구, 서울특별시 강동구 천호옛14길 35 1F,한식, 만원-2만원,2022-06-28,맛있다,8.0,7.0,1.0,0.0,3.5874999999999995
2738,백년화편,4.1,강동구, 서울특별시 강동구 양재대로81길 18 1F,카페/디저트, 만원 미만,2021-11-21,맛있다,16.0,14.0,2.0,0.0,3.5874999999999995
2742,반피셋,4.0,강동구, 서울특별시 강동구 양재대로 1500 105호,다국적음식, 만원-2만원,2022-04-17,맛있다,14.0,13.0,1.0,0.0,3.7142857142857144
2815,느린토끼,4.5,강동구, 서울특별시 강동구 천호대로168가길 29,카페/디저트, 만원 미만,2019-08-27,맛있다,7.0,7.0,0.0,0.0,4.5
2906,오향가,4.7,송파구,서울특별시 송파구 송이로 106,중식, 만원-2만원,2022-08-10,맛있다,116.0,100.0,11.0,5.0,3.6465517241379315
2907,돌마리유황오리,4.7,송파구,서울특별시 송파구 가락로 66,한식,0,2022-08-11,맛있다,20.0,19.0,1.0,0.0,4.465
2908,레브어,4.7,송파구,서울특별시 송파구 백제고분로45길 6 1F,다국적음식, 2만원-3만원,2022-03-23,맛있다,14.0,14.0,0.0,0.0,4.7
2909,세이류,4.6,송파구,서울특별시 송파구 올림픽로35가길 9 B1 B35호,일식, 4만원 이상,3 일 전,괜찮다,27.0,26.0,1.0,0.0,4.42962962962963
2913,하얼빈양꼬치,4.6,송파구,서울특별시 송파구 백제고분로17길 45 1F,중식, 만원-2만원,2022-08-09,맛있다,43.0,37.0,5.0,1.0,3.7441860465116275
2915,콰이어트 크림티,4.5,송파구,서울특별시 송파구 삼전로12길 7,카페/디저트, 만원 미만,2022-07-27,괜찮다,56.0,48.0,6.0,2.0,3.5357142857142856
2916,라미아파밀리아,4.5,송파구,서울특별시 송파구 백제고분로18길 5,양식, 3만원-4만원,2022-05-23,맛있다,20.0,18.0,2.0,0.0,4.05
2918,그곁,4.5,송파구,서울특별시 송파구 오금로18길 14 1F,주점, 2만원-3만원,2022-06-06,맛있다,11.0,11.0,0.0,0.0,4.5
2919,이치고,4.5,송파구,서울특별시 송파구 백제고분로11길 6-7 1F,주점, 2만원-3만원,2022-06-12,맛있다,7.0,7.0,0.0,0.0,4.5
2921,한아람정육식당,4.4,송파구,서울특별시 송파구 위례성대로 34 지산빌딩 2F,한식, 3만원-4만원,2022-05-07,맛있다,47.0,41.0,5.0,1.0,3.651063829787234
2925,뷰클런즈,4.4,송파구,서울특별시 송파구 백제고분로43길 10,카페/디저트, 만원 미만,2022-08-03,맛있다,48.0,39.0,9.0,0.0,3.5750000000000006
2927,부일갈매기,4.4,송파구,서울특별시 송파구 삼전로13길 4,한식, 만원-2만원,2022-06-07,맛있다,28.0,26.0,2.0,0.0,4.085714285714286
2928,비채나,4.4,송파구,서울특별시 송파구 올림픽로 300 롯데월드타워 81F,한식, 4만원 이상,2022-07-11,맛있다,15.0,12.0,3.0,0.0,3.5200000000000005
2929,스시다원,4.4,송파구,서울특별시 송파구 삼전로12길 6 1F,일식, 4만원 이상,2022-05-12,맛있다,15.0,14.0,0.0,1.0,3.5200000000000005
2930,밀각,4.4,송파구,서울특별시 송파구 송파대로28길 27 성원쌍떼빌101동 116호,한식, 2만원-3만원,2022-07-16,맛있다,22.0,21.0,1.0,0.0,4.2
2931,선호커피로스터스,4.4,송파구,서울특별시 송파구 송이로2길 4 1F,카페/디저트, 만원 미만,2022-06-26,맛있다,7.0,7.0,0.0,0.0,4.4
2932,라뿔,4.4,송파구,서울특별시 송파구 백제고분로43길 7,카페/디저트, 만원 미만,2022-07-23,맛있다,18.0,17.0,1.0,0.0,4.155555555555556
2933,네기우나기야,4.4,송파구,서울특별시 송파구 잠실로 209 소피텔앰배서더 2F,기타, 2만원-3만원,2022-06-10,맛있다,10.0,9.0,1.0,0.0,3.96
2934,생생아구,4.4,송파구,서울특별시 송파구 백제고분로7길 8-37,기타, 3만원-4만원,2022-05-22,맛있다,8.0,7.0,1.0,0.0,3.8500000000000005
2935,마초야,4.4,송파구,서울특별시 송파구 백제고분로40길 24 1F,일식, 만원 미만,2022-07-27,맛있다,12.0,11.0,1.0,0.0,4.033333333333334
2936,미강식당,4.4,송파구,서울특별시 송파구 백제고분로 122,한식, 만원-2만원,2022-07-18,맛있다,9.0,9.0,0.0,0.0,4.4
2937,토마루해물칼국수,4.4,송파구,서울특별시 송파구 백제고분로15길 6,한식, 만원 미만,2022-07-31,맛있다,6.0,6.0,0.0,0.0,4.4
2938,탄포포,4.4,송파구,서울특별시 송파구 백제고분로7길 52-19 1F,일식, 3만원-4만원,2022-06-19,맛있다,5.0,5.0,0.0,0.0,4.4
2943,옥돌현옥,4.3,송파구,서울특별시 송파구 오금로36길 26-1,한식, 만원-2만원,2022-07-15,맛있다,57.0,50.0,7.0,0.0,3.7719298245614037
2947,신양로스터스,4.3,송파구,서울특별시 송파구 오금로18길 3,카페/디저트, 만원 미만,2022-05-19,괜찮다,35.0,32.0,3.0,0.0,3.931428571428571
2957,동락,4.3,송파구,서울특별시 송파구 중대로23길 20,한식, 만원-2만원,2022-08-10,맛있다,14.0,13.0,1.0,0.0,3.992857142857143
2958,브로버거,4.3,송파구,서울특별시 송파구 위례성대로20길 22 정남빌딩 1F,양식, 만원 미만,2 일 전,맛있다,27.0,24.0,2.0,1.0,3.5037037037037035
2959,오징어세상,4.3,송파구,서울특별시 송파구 백제고분로9길 42 1F,기타, 만원-2만원,3 일 전,맛있다,27.0,23.0,4.0,0.0,3.6629629629629625
2962,코끼리 the salad cafe,4.3,송파구,서울특별시 송파구 송파대로37길 92 1F,양식, 만원 미만,2022-04-18,맛있다,11.0,10.0,1.0,0.0,3.909090909090909
2964,잠수교집,4.3,송파구,서울특별시 송파구 송파대로49길 51 1F,한식, 만원-2만원,2022-07-12,맛있다,17.0,16.0,1.0,0.0,4.047058823529412
2965,원조마포소금구이,4.3,송파구,서울특별시 송파구 오금로11길 34,한식, 만원-2만원,2022-07-16,맛있다,10.0,9.0,1.0,0.0,3.8699999999999997
2966,용기수산,4.3,송파구,서울특별시 송파구 양재대로 932,기타, 3만원-4만원,2022-01-29,맛있다,12.0,10.0,2.0,0.0,3.5833333333333335
2968,위커파크 웨스트,4.3,송파구,서울특별시 송파구 석촌호수로 230 상가 101호,양식, 만원-2만원,2022-08-06,맛있다,5.0,5.0,0.0,0.0,4.3
2970,온수반,4.3,송파구,서울특별시 송파구 백제고분로 469 1F,한식, 만원-2만원,2022-05-23,맛있다,4.0,4.0,0.0,0.0,4.3
2986,오키나와블루 (휴업중),4.2,송파구,서울특별시 송파구 오금로17길 7,양식, 만원 미만,2022-02-11,맛있다,19.0,18.0,0.0,1.0,3.5368421052631582
2990,해주찹쌀순대,4.2,송파구,서울특별시 송파구 올림픽로12길 28,한식, 만원 미만,2022-06-01,맛있다,15.0,13.0,2.0,0.0,3.64
2996,자몽하다,4.2,송파구,서울특별시 송파구 백제고분로 438,카페/디저트, 만원 미만,2021-12-26,맛있다,7.0,7.0,0.0,0.0,4.2
2998,그릴210버거 (휴업중),4.2,송파구,서울특별시 송파구 백제고분로 393 황제빌딩 1F,양식, 만원 미만,2022-02-03,맛있다,8.0,7.0,1.0,0.0,3.6750000000000003
3000,현차이나,4.2,송파구,서울특별시 송파구 백제고분로48길 8,중식, 만원-2만원,2022-04-14,맛있다,7.0,6.0,1.0,0.0,3.6000000000000005
3020,오쓰세이로무시,4.1,송파구,서울특별시 송파구 백제고분로45길 30,일식, 2만원-3만원,2022-05-31,맛있다,9.0,8.0,1.0,0.0,3.644444444444444
3021,그릭데이,4.1,송파구,서울특별시 송파구 백제고분로 423 1F,카페/디저트, 만원 미만,2022-07-31,맛있다,5.0,5.0,0.0,0.0,4.1
3030,콩당콩당,4.0,송파구,서울특별시 송파구 올림픽로4길 17 아시아선수촌아파트 C상가 2F,카페/디저트, 만원 미만,2021-01-31,맛있다,18.0,17.0,1.0,0.0,3.7777777777777777
3045,효모,4.0,송파구,서울특별시 송파구 석촌호수로12길 20 105호,카페/디저트, 만원 미만,2022-02-15,맛있다,11.0,11.0,0.0,0.0,4.0
3048,춘향골남원추어탕,4.0,송파구,서울특별시 송파구 위례성대로22길 18 이시돌빌딩,기타, 2만원-3만원,2022-05-24,맛있다,19.0,17.0,2.0,0.0,3.5789473684210527
3051,파스퇴르 밀크바,4.0,송파구,서울특별시 송파구 올림픽로 240 롯데백화점잠실점 B1,카페/디저트, 만원 미만,2022-01-30,맛있다,30.0,30.0,0.0,0.0,4.0
3055,피제리아다븟,4.0,송파구,서울특별시 송파구 백제고분로36길 30 1F,양식, 만원-2만원,2021-12-13,맛있다,9.0,8.0,1.0,0.0,3.5555555555555554
3064,이낙근찹쌀떡베이커리,4.0,송파구,서울특별시 송파구 중대로 316,카페/디저트, 만원 미만,2021-12-28,맛있다,17.0,15.0,2.0,0.0,3.5294117647058822
3069,수수앤핫커리핫도그,4.0,송파구,서울특별시 송파구 백제고분로28길 10,한식, 만원 미만,2021-03-18,괜찮다,8.0,7.0,1.0,0.0,3.5
3070,흥도식당,4.0,송파구,서울특별시 송파구 법원로 114 엠스테이트 B동 B1 155-1호,일식, 만원-2만원,2022-07-31,괜찮다,9.0,8.0,1.0,0.0,3.5555555555555554
3092,쥬뗑뷔뜨,3.9,송파구,서울특별시 송파구 백제고분로40길 14 1F,카페/디저트, 만원 미만,2022-06-27,맛있다,12.0,11.0,1.0,0.0,3.5749999999999997
3106,미라이,4.8,강남구,서울특별시 강남구 논현로153길 24 끌레르빌 1F,주점, 3만원-4만원,4 일 전,별로,122.0,104.0,14.0,4.0,3.7770491803278685
3107,시라카와,4.8,강남구,서울특별시 강남구 선릉로161길 7 1F,주점, 2만원-3만원,2022-05-28,맛있다,66.0,60.0,6.0,0.0,4.363636363636363
3108,페리지,4.8,강남구,서울특별시 강남구 봉은사로68길 6-5 1F,양식, 3만원-4만원,2022-08-03,맛있다,34.0,29.0,5.0,0.0,4.094117647058823
3109,맛짱조개,4.8,강남구,서울특별시 강남구 언주로136길 10,기타, 만원-2만원,2022-07-22,괜찮다,59.0,54.0,5.0,0.0,4.393220338983051
3110,상진식감,4.8,강남구,서울특별시 강남구 도산대로11길 31-10 B1,일식, 만원-2만원,1 일 전,맛있다,19.0,18.0,1.0,0.0,4.5473684210526315
3114,스시키,4.7,강남구,서울특별시 강남구 선릉로107길 3-4 운경빌딩 1F,일식, 4만원 이상,2022-07-04,괜찮다,45.0,41.0,3.0,1.0,4.073333333333334
3116,인딕 슬로우,4.7,강남구,서울특별시 강남구 압구정로4길 13 1F,다국적음식, 만원-2만원,2022-06-19,맛있다,73.0,60.0,13.0,0.0,3.863013698630137
3118,삐아프,4.7,강남구,서울특별시 강남구 논현로175길 109 1F,카페/디저트, 만원-2만원,2022-06-28,맛있다,78.0,66.0,12.0,0.0,3.9769230769230766
3119,키겐,4.7,강남구,서울특별시 강남구 언주로150길 51 B1,일식, 3만원-4만원,2022-03-11,맛있다,17.0,16.0,1.0,0.0,4.423529411764706
3120,엘픽,4.7,강남구,서울특별시 강남구 도산대로78길 25 에스앤에스빌딩 1F,양식, 2만원-3만원,2022-05-12,맛있다,8.0,8.0,0.0,0.0,4.7
3126,껠끄쇼즈,4.6,강남구,서울특별시 강남구 도곡로70길 5,카페/디저트, 만원 미만,4 일 전,맛있다,140.0,127.0,10.0,3.0,3.9757142857142855
3128,농민백암왕순대,4.6,강남구,서울특별시 강남구 역삼로3길 20-4,한식, 만원-2만원,6 일 전,맛있다,267.0,235.0,22.0,10.0,3.704119850187266
3129,보트르메종,4.6,강남구,서울특별시 강남구 언주로168길 16 청담스퀘어 2F 224호,다국적음식, 4만원 이상,2022-07-24,맛있다,51.0,44.0,6.0,1.0,3.788235294117647
3131,롸카두들내쉬빌핫치킨,4.6,강남구,서울특별시 강남구 언주로164길 35-3,양식, 만원 미만,4 일 전,맛있다,100.0,84.0,13.0,3.0,3.588
3133,와려,4.6,강남구,서울특별시 강남구 테헤란로98길 28 2F 2호,일식, 4만원 이상,2022-05-14,맛있다,20.0,18.0,2.0,0.0,4.14
3136,르뱅룰즈,4.6,강남구,서울특별시 강남구 선릉로 660 브라운스톤레전드 105호,카페/디저트, 만원 미만,2022-08-09,맛있다,30.0,27.0,3.0,0.0,4.14
3137,미우,4.6,강남구,서울특별시 강남구 압구정로 113-22 미성아파트,한식, 3만원-4만원,3 일 전,맛있다,11.0,11.0,0.0,0.0,4.6
3139,스시렌,4.6,강남구,서울특별시 강남구 선릉로146길 27-10 2F,일식, 4만원 이상,2022-07-12,맛있다,10.0,10.0,0.0,0.0,4.6
3140,신비갈비살,4.6,강남구,서울특별시 강남구 강남대로158길 15 1F,한식, 3만원-4만원,2022-06-19,맛있다,26.0,23.0,3.0,0.0,4.069230769230769
3141,고메램,4.6,강남구,서울특별시 강남구 삼성로96길 15 송영빌딩,양식, 2만원-3만원,2022-07-25,맛있다,42.0,37.0,5.0,0.0,4.052380952380952
3143,왕스덕,4.6,강남구,서울특별시 강남구 도산대로 130 하림타워 B1,중식, 3만원-4만원,2022-06-03,괜찮다,21.0,18.0,2.0,1.0,3.5047619047619047
3144,돈불리제담,4.6,강남구,서울특별시 강남구 압구정로2길 46 강남상가 1F,한식, 만원-2만원,2022-07-26,맛있다,20.0,20.0,0.0,0.0,4.6
3145,피아마,4.6,강남구,서울특별시 강남구 도산대로70길 9,주점, 4만원 이상,2022-06-06,맛있다,5.0,5.0,0.0,0.0,4.6
3148,꼼다비뛰드,4.5,강남구,서울특별시 강남구 강남대로110길 62,카페/디저트, 만원 미만,2022-07-19,맛있다,156.0,141.0,10.0,5.0,3.778846153846154
3159,스시 시미즈,4.5,강남구,서울특별시 강남구 언주로152길 11-3 B1,일식, 4만원 이상,1 일 전,맛있다,27.0,26.0,1.0,0.0,4.333333333333333
3162,쎄쎄종,4.5,강남구,서울특별시 강남구 언주로146길 39 주영빌딩 1F,카페/디저트, 만원 미만,2022-07-14,맛있다,51.0,43.0,7.0,1.0,3.6176470588235294
3163,익스퀴진,4.5,강남구,서울특별시 강남구 삼성로140길 6 라파빌딩,한식, 4만원 이상,2022-04-19,맛있다,23.0,22.0,1.0,0.0,4.304347826086956
3164,화이트와인개러지,4.5,강남구,서울특별시 강남구 삼성로149길 7 B1,주점, 3만원-4만원,2022-03-28,맛있다,15.0,14.0,1.0,0.0,4.2
3165,갓포아키,4.5,강남구,서울특별시 강남구 테헤란로 610 글래드코엑스센터 B2,주점, 4만원 이상,2022-06-21,맛있다,49.0,42.0,6.0,1.0,3.673469387755102
3167,솔밤,4.5,강남구,서울특별시 강남구 도산대로37길 6 4F,한식, 4만원 이상,2022-04-10,맛있다,7.0,6.0,1.0,0.0,3.857142857142857
3168,흐비지떼,4.5,강남구,서울특별시 강남구 삼성로107길 34 1F,카페/디저트, 만원 미만,2022-07-14,괜찮다,21.0,19.0,2.0,0.0,4.071428571428571
3169,스기타마,4.5,강남구,서울특별시 강남구 삼성로147길 8 101호,주점, 만원-2만원,2021-04-03,맛있다,18.0,17.0,1.0,0.0,4.25
3171,구들,4.5,강남구,서울특별시 강남구 선릉로155길 26 3F,주점, 2만원-3만원,2022-03-22,맛있다,9.0,9.0,0.0,0.0,4.5
3172,사브서울,4.5,강남구,서울특별시 강남구 논현로175길 6 B1,주점, 3만원-4만원,1 일 전,맛있다,15.0,14.0,1.0,0.0,4.2
3173,판동면옥,4.5,강남구,서울특별시 강남구 역삼로77길 5,한식, 만원-2만원,2022-08-03,맛있다,16.0,15.0,1.0,0.0,4.21875
3174,로바타라이브라,4.5,강남구,서울특별시 강남구 선릉로148길 52 B1,주점, 4만원 이상,2022-05-04,맛있다,12.0,10.0,2.0,0.0,3.75
3175,양재초밥,4.5,강남구,서울특별시 강남구 논현로26길 16 102호,일식, 2만원-3만원,2022-08-05,맛있다,27.0,25.0,2.0,0.0,4.166666666666667
3177,갓포마코토,4.5,강남구,서울특별시 강남구 언주로168길 5 2F,일식, 3만원-4만원,2022-07-27,맛있다,15.0,14.0,0.0,1.0,3.6
3178,챔프커피,4.5,강남구,서울특별시 강남구 테헤란로 517 현대백화점 무역센터점 B1,카페/디저트, 만원 미만,2 일 전,맛있다,33.0,29.0,4.0,0.0,3.9545454545454546
3179,청우참치,4.5,강남구,서울특별시 강남구 강남대로 632,일식, 4만원 이상,2021-11-30,맛있다,18.0,17.0,1.0,0.0,4.25
3180,한상더테이블,4.5,강남구,서울특별시 강남구 선릉로148길 28 3F,한식, 4만원 이상,2022-07-17,맛있다,5.0,5.0,0.0,0.0,4.5
3181,금복당,4.5,강남구,서울특별시 강남구 영동대로 513 코엑스몰 B1 P103호,한식, 만원-2만원,2022-08-08,맛있다,6.0,6.0,0.0,0.0,4.5
3182,드링크얼랏,4.4,강남구,서울특별시 강남구 학동로56길 49 성림빌딩 1F,카페/디저트, 만원 미만,2022-04-01,맛있다,237.0,205.0,26.0,6.0,3.583122362869199
3193,스시 나미키,4.4,강남구,서울특별시 강남구 학동로 338 강남파라곤 S동 1F 103호,일식, 4만원 이상,2022-05-17,맛있다,43.0,36.0,7.0,0.0,3.683720930232558
3196,권숙수,4.4,강남구,서울특별시 강남구 언주로170길 27 4F,한식, 4만원 이상,2022-04-22,맛있다,35.0,31.0,4.0,0.0,3.8971428571428572
3205,임프레션,4.4,강남구,서울특별시 강남구 언주로164길 24 5F,다국적음식, 4만원 이상,2022-08-02,맛있다,30.0,25.0,5.0,0.0,3.666666666666667
3206,농민백암순대,4.4,강남구,서울특별시 강남구 선릉로86길 40-4,한식, 만원 미만,2022-07-26,괜찮다,190.0,163.0,22.0,5.0,3.5431578947368427
3208,가온,4.4,강남구,서울특별시 강남구 도산대로 317 호림아트센터 MF,한식, 4만원 이상,2022-05-04,별로,20.0,18.0,1.0,1.0,3.52
3209,코슌,4.4,강남구,서울특별시 강남구 언주로153길 14 2F,주점, 4만원 이상,2022-05-17,괜찮다,23.0,19.0,4.0,0.0,3.6347826086956525
3211,켄,4.4,강남구,서울특별시 강남구 언주로152길 15-3 2F,일식, 4만원 이상,2022-04-06,괜찮다,21.0,20.0,1.0,0.0,4.190476190476191
3213,르챔버,4.4,강남구,서울특별시 강남구 도산대로55길 42 B1,주점, 3만원-4만원,2022-04-02,맛있다,96.0,81.0,13.0,2.0,3.529166666666667
3217,어물전 청,4.4,강남구,서울특별시 강남구 도산대로49길 16-7 1F,한식, 4만원 이상,2022-06-27,맛있다,17.0,14.0,3.0,0.0,3.6235294117647063
3222,효계,4.4,강남구,서울특별시 강남구 도산대로15길 15 1F,한식, 2만원-3만원,2022-07-12,맛있다,22.0,20.0,2.0,0.0,4.0
3223,호루몬규상,4.4,강남구,서울특별시 강남구 언주로148길 14 다동 103호,한식, 2만원-3만원,4 일 전,맛있다,20.0,17.0,3.0,0.0,3.7400000000000007
3226,비플레이트 바이 브라운브레드,4.4,강남구,서울특별시 강남구 논현로24길 41,카페/디저트, 만원 미만,2022-02-12,맛있다,74.0,69.0,3.0,2.0,3.864864864864865
3228,은화계,4.4,강남구,서울특별시 강남구 도산대로 152,한식, 만원-2만원,2022-07-19,괜찮다,23.0,20.0,3.0,0.0,3.8260869565217392
3230,에비던스,4.4,강남구,서울특별시 강남구 도산대로57길 6 1F,양식, 4만원 이상,2022-03-31,맛있다,12.0,10.0,2.0,0.0,3.6666666666666665
3232,라 티지,4.4,강남구,서울특별시 강남구 선릉로134길 5 1F,카페/디저트, 만원 미만,2022-08-10,맛있다,28.0,24.0,4.0,0.0,3.771428571428572
3234,비스트로앤트로,4.4,강남구,서울특별시 강남구 논현로159길 12 1F,다국적음식, 2만원-3만원,2022-07-31,맛있다,11.0,10.0,1.0,0.0,4.0
3235,티하우스하다,4.4,강남구,서울특별시 강남구 선릉로146길 54 1F,카페/디저트, 3만원-4만원,2022-03-06,맛있다,5.0,5.0,0.0,0.0,4.4
3236,PDR,4.4,강남구,서울특별시 강남구 언주로134길 24 2F,주점, 2만원-3만원,2022-06-22,맛있다,10.0,10.0,0.0,0.0,4.4
3237,레아,4.4,강남구,서울특별시 강남구 논현로26길 12-4,양식, 2만원-3만원,2022-06-12,맛있다,17.0,15.0,2.0,0.0,3.8823529411764706
3238,크랩52,4.4,강남구,서울특별시 강남구 테헤란로87길 46 트레이드타워 52F,기타, 4만원 이상,2022-06-29,맛있다,7.0,6.0,1.0,0.0,3.771428571428572
3239,논현장어,4.4,강남구,서울특별시 강남구 학동로 106,기타, 2만원-3만원,2021-09-19,맛있다,20.0,18.0,1.0,1.0,3.52
3241,영동소금구이,4.4,강남구,서울특별시 강남구 강남대로124길 10 1F,한식, 만원-2만원,2022-03-30,맛있다,25.0,22.0,2.0,1.0,3.5200000000000005
3242,오마치슌,4.4,강남구,서울특별시 강남구 역삼로65길 20,일식, 3만원-4만원,2022-06-30,맛있다,13.0,13.0,0.0,0.0,4.4
3243,한미옥,4.4,강남구,서울특별시 강남구 봉은사로 319,한식, 4만원 이상,6 일 전,맛있다,6.0,6.0,0.0,0.0,4.4
3244,신사치킨클럽,4.4,강남구,서울특별시 강남구 강남대로162길 40 1F,다국적음식, 만원-2만원,2022-08-07,맛있다,15.0,13.0,2.0,0.0,3.8133333333333335
3245,쏭타이,4.4,강남구,서울특별시 강남구 테헤란로39길 51 1F 102호,다국적음식, 만원-2만원,2022-07-29,맛있다,19.0,18.0,1.0,0.0,4.1684210526315795
3246,사케바현,4.4,강남구,서울특별시 강남구 테헤란로39길 55 1F,주점, 2만원-3만원,2022-07-01,맛있다,7.0,7.0,0.0,0.0,4.4
3247,야키토리파노,4.4,강남구,서울특별시 강남구 선릉로157길 13-5 1F,주점, 만원-2만원,2022-02-05,맛있다,7.0,7.0,0.0,0.0,4.4
3248,상석,4.4,강남구,서울특별시 강남구 논현로159길 15,일식, 4만원 이상,2022-02-26,괜찮다,7.0,6.0,1.0,0.0,3.771428571428572
3249,원포셰,4.4,강남구,서울특별시 강남구 논현로26길 46-8 1F,카페/디저트, 만원 미만,2022-07-17,맛있다,6.0,6.0,0.0,0.0,4.4
3250,비네트,4.4,강남구,서울특별시 강남구 도곡로11길 10 1F,양식, 2만원-3만원,2022-07-31,맛있다,4.0,4.0,0.0,0.0,4.4
3251,올드페리도넛,4.4,강남구,서울특별시 강남구 강남대로162길 35 1F,카페/디저트, 만원 미만,2022-08-01,맛있다,5.0,5.0,0.0,0.0,4.4
3252,플랜튜드,4.4,강남구,서울특별시 강남구 영동대로 513 스타필드 B1-111호,양식, 만원-2만원,2022-07-31,맛있다,5.0,5.0,0.0,0.0,4.4
3253,알라보 (휴업중),4.4,강남구,서울특별시 강남구 언주로71길 31 대봉빌딩 1F,양식, 만원-2만원,2022-06-06,맛있다,4.0,4.0,0.0,0.0,4.4
3265,파불라,4.3,강남구,서울특별시 강남구 도산대로81길 51 루미안빌딩 1F,중식, 3만원-4만원,5 일 전,맛있다,96.0,84.0,11.0,1.0,3.6729166666666666
3284,스시인,4.3,강남구,서울특별시 강남구 압구정로42길 49 3F,일식, 4만원 이상,2022-05-25,맛있다,22.0,20.0,1.0,1.0,3.5181818181818185
3290,제스트,4.3,강남구,서울특별시 강남구 도산대로55길 26 하늘빌딩 1F,주점, 2만원-3만원,10 시간 전,맛있다,21.0,19.0,2.0,0.0,3.8904761904761904
3293,모노로그,4.3,강남구,서울특별시 강남구 논현로149길 31,일식, 4만원 이상,2022-01-01,맛있다,19.0,16.0,3.0,0.0,3.621052631578947
3307,자이온,4.3,강서구,서울특별시 강서구 공항대로61길 10-11,양식, 만원 미만,2022-07-30,맛있다,23.0,21.0,2.0,0.0,3.926086956521739
3308,원조나주곰탕,4.3,강서구,서울특별시 강서구 양천로14길 10,한식, 만원-2만원,2022-06-17,맛있다,25.0,21.0,4.0,0.0,3.612
3309,소장식물전,4.3,강서구,서울특별시 강서구 공항대로2길 36,카페/디저트, 만원 미만,2022-07-06,맛있다,12.0,12.0,0.0,0.0,4.3
3312,희희잇,4.3,강서구,서울특별시 강서구 마곡중앙4로 22 A동 117호,양식, 만원-2만원,2022-06-01,맛있다,4.0,4.0,0.0,0.0,4.3
3315,영양족발순대국,4.2,강서구,서울특별시 강서구 초록마을로2길 48,한식, 만원-2만원,2021-07-29,맛있다,50.0,42.0,8.0,0.0,3.528
3317,사이공윤다이,4.2,강서구,서울특별시 강서구 마곡중앙5로1길 20 218호,다국적음식, 만원 미만,2022-07-24,맛있다,12.0,12.0,0.0,0.0,4.2
3320,주방문,4.1,강서구,서울특별시 강서구 마곡중앙로 171 207호,주점, 만원-2만원,2021-12-18,맛있다,6.0,6.0,0.0,0.0,4.1
3324,잔잔하게,4.1,강서구,서울특별시 강서구 마곡서로 158 센트럴타워2 3F 301호,주점, 만원-2만원,2022-07-10,맛있다,9.0,8.0,1.0,0.0,3.644444444444444
3327,오봉집,4.1,강서구,서울특별시 강서구 마곡동로4길 15 2F,기타, 만원-2만원,2022-05-19,맛있다,7.0,7.0,0.0,0.0,4.1
3332,마므레 크로와상,4.0,강서구,서울특별시 강서구 공항대로 269-15,카페/디저트, 만원 미만,2022-06-09,맛있다,12.0,11.0,1.0,0.0,3.6666666666666665
3422,쉐드커피,4.7,강서구,서울특별시 강서구 마곡중앙6로 16 1F,카페/디저트, 만원 미만,2022-05-23,맛있다,4.0,4.0,0.0,0.0,4.7
3445,양옥주점,4.5,강서구,서울특별시 강서구 마곡중앙로 161-11 힐스테이트에코 111-2호,중식, 2만원-3만원,2022-06-17,맛있다,3.0,3.0,0.0,0.0,4.5
3504,교대이층집,4.6,강서구,서울특별시 강서구 강서로 381 수창빌딩 2F,한식, 2만원-3만원,2021-11-07,맛있다,13.0,13.0,0.0,0.0,4.6
3506,야키토리토리야,4.6,양천구,서울특별시 양천구 오목로 345 슬로우스퀘어 115호,주점, 3만원-4만원,2022-08-03,괜찮다,13.0,12.0,1.0,0.0,4.246153846153846
3507,반쌥,4.5,양천구,서울특별시 양천구 오목로48길 28 1F,다국적음식, 만원-2만원,2022-07-30,맛있다,15.0,13.0,2.0,0.0,3.9
3516,아리네,4.0,양천구,서울특별시 양천구 목동동로 222-11,카페/디저트, 만원 미만,2022-07-11,맛있다,7.0,7.0,0.0,0.0,4.0
3519,파티세리소나,3.9,양천구,서울특별시 양천구 오목로34길 4,카페/디저트, 만원 미만,2022-03-13,맛있다,27.0,25.0,2.0,0.0,3.611111111111111
3706,스시아라타,4.7,영등포구,서울특별시 영등포구 국제금융로8길 16 B1 B124호,일식, 4만원 이상,2022-08-03,맛있다,49.0,42.0,6.0,1.0,3.836734693877551
3707,바이러닉에스프레소바,4.7,영등포구,서울특별시 영등포구 의사당대로 38 1F,카페/디저트, 만원 미만,2022-08-05,맛있다,28.0,26.0,2.0,0.0,4.364285714285715
3708,히노노리,4.7,영등포구,서울특별시 영등포구 의사당대로 83,일식, 만원-2만원,2022-06-26,맛있다,7.0,7.0,0.0,0.0,4.7
3710,우미노미,4.6,영등포구,서울특별시 영등포구 당산로 180 신우빌딩 1F,일식, 만원-2만원,2022-07-11,괜찮다,79.0,65.0,13.0,1.0,3.668354430379747
3711,니와,4.6,영등포구,서울특별시 영등포구 여의나루로 42 2F,일식, 3만원-4만원,5 일 전,맛있다,8.0,8.0,0.0,0.0,4.6
3712,줘마양다리구이,4.5,영등포구,서울특별시 영등포구 도림천로11길 13,중식, 만원-2만원,2022-08-07,맛있다,43.0,35.0,8.0,0.0,3.6627906976744184
3713,로바,4.5,영등포구,서울특별시 영등포구 여의대로 108 더현대서울 6F,일식, 4만원 이상,2022-07-27,맛있다,10.0,9.0,1.0,0.0,4.05
3717,스시다정,4.4,영등포구,서울특별시 영등포구 국제금융로 70 B1 19호,일식, 4만원 이상,2022-08-07,맛있다,7.0,6.0,1.0,0.0,3.771428571428572
3718,잠수교집,4.4,영등포구,서울특별시 영등포구 여의나루로 117 공작상가 B1,한식, 만원-2만원,5 일 전,맛있다,8.0,8.0,0.0,0.0,4.4
3719,온수반,4.4,영등포구,서울특별시 영등포구 양평로22가길 6 1F,한식, 만원 미만,2022-07-16,맛있다,11.0,11.0,0.0,0.0,4.4
3720,렌위치,4.4,영등포구,서울특별시 영등포구 국제금융로 10 IFC몰 L2,양식, 만원 미만,2022-08-09,맛있다,9.0,9.0,0.0,0.0,4.4
3721,허리헝그리,4.4,영등포구,서울특별시 영등포구 여의대로 108 더현대서울,양식, 만원-2만원,2022-08-05,맛있다,4.0,4.0,0.0,0.0,4.4
3730,청기와타운,4.3,영등포구,서울특별시 영등포구 영중로10길 32-4,한식, 2만원-3만원,2022-07-11,맛있다,27.0,22.0,5.0,0.0,3.5037037037037035
3733,브루클린더버거조인트,4.3,영등포구,서울특별시 영등포구 국제금융로2길 24 삼성생명빌딩 1F,양식, 만원-2만원,2022-06-25,맛있다,40.0,34.0,6.0,0.0,3.655
3739,그레이에스프레소,4.3,영등포구,서울특별시 영등포구 여의대방로 379 제일빌딩,카페/디저트, 만원 미만,2022-08-09,맛있다,21.0,19.0,2.0,0.0,3.8904761904761904
3740,오복수산참치,4.3,영등포구,서울특별시 영등포구 의사당대로 83 오투타워 2F,기타, 2만원-3만원,1 일 전,맛있다,19.0,16.0,3.0,0.0,3.621052631578947
3741,선비네,4.3,영등포구,서울특별시 영등포구 영중로20길 4,한식, 만원-2만원,2022-08-02,맛있다,12.0,11.0,1.0,0.0,3.9416666666666664
3742,부일갈비,4.3,영등포구,서울특별시 영등포구 영중로6길 23-8,한식, 만원-2만원,2022-06-10,맛있다,9.0,9.0,0.0,0.0,4.3
3744,서민준밀밭,4.3,영등포구,서울특별시 영등포구 영신로40길 22-1,한식, 만원 미만,2022-07-29,맛있다,12.0,10.0,2.0,0.0,3.5833333333333335
3745,타이문,4.3,영등포구,서울특별시 영등포구 선유로17길 24 1F,다국적음식, 만원 미만,2022-07-28,맛있다,9.0,9.0,0.0,0.0,4.3
3746,별미볶음점,4.3,영등포구,서울특별시 영등포구 국제금융로6길 33 여의도백화점,한식, 만원-2만원,2022-08-01,맛있다,13.0,12.0,1.0,0.0,3.969230769230769
3747,유어보울,4.3,영등포구,서울특별시 영등포구 문래로 180 1동 1F 상가108호,양식, 만원-2만원,6 일 전,맛있다,7.0,6.0,1.0,0.0,3.6857142857142855
3749,도림186,4.3,영등포구,서울특별시 영등포구 도영로 44,중식, 만원 미만,2022-07-03,맛있다,7.0,7.0,0.0,0.0,4.3
3750,제주흑돈카츠,4.3,영등포구,서울특별시 영등포구 영중로 9,일식, 만원-2만원,2022-07-21,맛있다,5.0,5.0,0.0,0.0,4.3
3751,까폼,4.3,영등포구,서울특별시 영등포구 여의대로 108 여의도 파크원 B1,다국적음식, 만원-2만원,2022-07-06,괜찮다,7.0,6.0,1.0,0.0,3.6857142857142855
3761,우동가게,4.2,영등포구,서울특별시 영등포구 당산로 180 신우빌딩,한식, 만원 미만,1 시간 전,괜찮다,18.0,15.0,3.0,0.0,3.5
3762,어만두,4.2,영등포구,서울특별시 영등포구 의사당대로 127 S-Trenue빌딩 B1,한식, 만원-2만원,2022-08-11,괜찮다,14.0,12.0,2.0,0.0,3.6000000000000005
3763,더미,4.2,영등포구,서울특별시 영등포구 국제금융로2길 28 KB금융타워 B1,한식, 4만원 이상,6 일 전,맛있다,14.0,12.0,2.0,0.0,3.6000000000000005
3764,도쿄라보,4.2,영등포구,서울특별시 영등포구 도림로 438-12,일식, 만원-2만원,2022-04-17,맛있다,6.0,5.0,1.0,0.0,3.5
3765,마얘,4.2,영등포구,서울특별시 영등포구 여의대로 108 현대백화점 B1,카페/디저트, 만원 미만,2022-04-01,맛있다,5.0,5.0,0.0,0.0,4.2
3778,브로트아트,4.1,영등포구,서울특별시 영등포구 국제금융로7길 3 수정상가 1F,카페/디저트, 만원 미만,9 시간 전,맛있다,12.0,11.0,1.0,0.0,3.758333333333333
3779,비어포스트바,4.1,영등포구,서울특별시 영등포구 도림로131길 15,주점, 만원 미만,2022-07-11,맛있다,13.0,12.0,1.0,0.0,3.7846153846153845
3783,호우양꼬치,4.1,영등포구,서울특별시 영등포구 영중로10길 6 델리타운 102호,중식, 만원-2만원,2022-02-15,맛있다,11.0,10.0,1.0,0.0,3.727272727272727
3797,동해반점,4.0,영등포구,서울특별시 영등포구 시흥대로 639,중식, 만원 미만,2022-06-25,맛있다,17.0,15.0,2.0,0.0,3.5294117647058822
3817,아우어베이커리,4.0,영등포구,서울특별시 영등포구 경인로 843 1F,카페/디저트, 만원 미만,2022-06-20,맛있다,9.0,8.0,1.0,0.0,3.5555555555555554
3835,크로닉,3.9,영등포구,서울특별시 영등포구 당산로35길 7,카페/디저트, 만원 미만,2022-01-10,맛있다,10.0,9.0,1.0,0.0,3.5100000000000002
3843,브레드05,3.9,영등포구,서울특별시 영등포구 여의대방로43나길 4,카페/디저트, 만원 미만,2021-10-07,맛있다,25.0,23.0,2.0,0.0,3.588
3861,카페노티드,3.9,영등포구,서울특별시 영등포구 국제금융로 10 IFC몰,카페/디저트, 만원 미만,2022-07-12,맛있다,5.0,5.0,0.0,0.0,3.9
3906,작은피자집,4.8,동작구, 서울특별시 동작구 사당로30길 96,양식, 만원-2만원,2022-08-12,맛있다,60.0,54.0,5.0,1.0,4.159999999999999
3907,운봉산장양고기전문점,4.6,동작구, 서울특별시 동작구 장승배기로 118-1,한식, 2만원-3만원,2022-08-13,맛있다,46.0,39.0,6.0,1.0,3.6999999999999993
3910,서평면옥,4.4,동작구, 서울특별시 동작구 보라매로5길 15 B1,한식, 만원 미만,6 일 전,맛있다,22.0,21.0,1.0,0.0,4.2
3912,고우마구로,4.4,동작구, 서울특별시 동작구 양녕로 249,일식, 2만원-3만원,2022-04-20,맛있다,6.0,6.0,0.0,0.0,4.4
3916,다독이네 숯불구이,4.3,동작구, 서울특별시 동작구 노량진로 106-5 1F,한식, 만원 미만,2022-03-31,맛있다,25.0,23.0,2.0,0.0,3.9559999999999995
3919,소라노호시,4.3,동작구, 서울특별시 동작구 동작대로27길 16-5,주점, 3만원-4만원,2022-05-19,맛있다,9.0,9.0,0.0,0.0,4.3
3920,등나무집,4.3,동작구, 서울특별시 동작구 대림로 52,한식, 만원-2만원,6 일 전,맛있다,22.0,18.0,4.0,0.0,3.5181818181818176
3921,오꼬노미스토리,4.3,동작구, 서울특별시 동작구 노량진로10길 27,일식, 만원-2만원,2022-04-19,괜찮다,22.0,18.0,4.0,0.0,3.5181818181818176
3923,청와옥,4.3,동작구, 서울특별시 동작구 동작대로 71,한식, 만원-2만원,2022-05-26,맛있다,9.0,8.0,1.0,0.0,3.822222222222222
3924,가마솥손두부,4.3,동작구, 서울특별시 동작구 남부순환로271길 20,한식, 만원 미만,2022-01-19,맛있다,7.0,7.0,0.0,0.0,4.3
3932,정작가의 막걸리집,4.1,동작구, 서울특별시 동작구 동작대로33가길 5 1F,주점, 만원-2만원,2022-07-16,맛있다,17.0,15.0,2.0,0.0,3.617647058823529
3937,조복남,4.1,동작구, 서울특별시 동작구 사당로17다길 9 B201호,카페/디저트, 만원 미만,2022-05-29,맛있다,6.0,6.0,0.0,0.0,4.1
3939,상도실내포장마차,4.1,동작구, 서울특별시 동작구 상도로 288,주점, 만원-2만원,2022-06-01,맛있다,17.0,16.0,1.0,0.0,3.8588235294117643
3940,와플스,4.1,동작구, 서울특별시 동작구 노량진로16길 26 1F,카페/디저트, 만원 미만,2022-06-27,맛있다,10.0,10.0,0.0,0.0,4.1
3953,가춘,4.0,동작구, 서울특별시 동작구 상도로 357,카페/디저트, 만원 미만,2020-10-30,괜찮다,15.0,14.0,1.0,0.0,3.7333333333333334
3956,파동추야,4.0,동작구, 서울특별시 동작구 상도로58길 4 경원빌딩,한식, 만원 미만,2022-03-25,맛있다,16.0,14.0,2.0,0.0,3.5
3972,미학당,3.9,동작구, 서울특별시 동작구 사당로 56 2F,카페/디저트, 만원 미만,2022-06-17,맛있다,25.0,23.0,2.0,0.0,3.588
3974,블랑제리꾸끄,3.9,동작구, 서울특별시 동작구 만양로 37,카페/디저트, 만원 미만,2021-10-19,맛있다,20.0,18.0,2.0,0.0,3.5100000000000002
3991,조가네갑오징어,3.9,동작구, 서울특별시 동작구 남부순환로271길 24 1F,한식, 2만원-3만원,2022-06-28,맛있다,6.0,6.0,0.0,0.0,3.9
4056,나루,4.6,동작구, 서울특별시 동작구 상도로 120 핸드픽트호텔 9F,한식, 2만원-3만원,2020-04-06,괜찮다,10.0,9.0,1.0,0.0,4.14
4060,탭하우스어반,4.5,동작구, 서울특별시 동작구 동작대로25길 46,주점, 만원 미만,2022-01-18,맛있다,9.0,9.0,0.0,0.0,4.5
4101,메종조,4.7,서초구, 서울특별시 서초구 반포대로7길 35 공아트빌딩 1F,다국적음식, 2만원-3만원,3 일 전,맛있다,26.0,26.0,0.0,0.0,4.7
4102,밴건디 스테이크 하우스,4.6,서초구, 서울특별시 서초구 사평대로22길 5,양식, 4만원 이상,4 일 전,맛있다,141.0,124.0,14.0,3.0,3.849645390070922
4103,서관면옥,4.6,서초구, 서울특별시 서초구 서초대로56길 11,한식, 만원-2만원,3 일 전,맛있다,165.0,138.0,21.0,6.0,3.5127272727272727
4105,스시 윤슬,4.6,서초구, 서울특별시 서초구 서초대로 266 B101호,일식, 4만원 이상,2022-04-09,맛있다,15.0,14.0,1.0,0.0,4.293333333333333
4106,옥토스,4.6,서초구, 서울특별시 서초구 사평대로52길 11 1F,기타, 4만원 이상,2022-07-06,맛있다,10.0,10.0,0.0,0.0,4.6
4107,스시야스다,4.6,서초구, 서울특별시 서초구 서초대로58길 18 지에스타워 2F,일식, 4만원 이상,2022-05-28,맛있다,4.0,4.0,0.0,0.0,4.6
4108,소울브레드,4.5,서초구, 서울특별시 서초구 바우뫼로7길 27 동양상가,카페/디저트, 만원 미만,2022-06-30,맛있다,112.0,98.0,12.0,2.0,3.7767857142857144
4117,더 마고 그릴,4.5,서초구, 서울특별시 서초구 신반포로 176 JW메리어트 호텔 서울 7F,양식, 4만원 이상,2022-04-30,맛있다,20.0,18.0,2.0,0.0,4.05
4118,크레미엘,4.5,서초구, 서울특별시 서초구 양재천로21길 3 디와이빌딩 1F,카페/디저트, 만원 미만,2022-07-02,맛있다,15.0,15.0,0.0,0.0,4.5
4119,FOURB,4.5,서초구, 서울특별시 서초구 사평대로 205 1F FP106호,카페/디저트, 만원 미만,2022-05-18,맛있다,18.0,18.0,0.0,0.0,4.5
4120,모트32,4.5,서초구, 서울특별시 서초구 신반포로 176 3F,중식, 4만원 이상,2022-05-31,맛있다,6.0,6.0,0.0,0.0,4.5
4121,남부럽지않은고기한상,4.5,서초구, 서울특별시 서초구 효령로52길 5,한식, 만원-2만원,2022-07-30,맛있다,6.0,6.0,0.0,0.0,4.5
4126,스시금강,4.4,서초구, 서울특별시 서초구 효령로 307 부속12상가 106호,일식, 4만원 이상,2022-06-22,맛있다,19.0,16.0,3.0,0.0,3.7052631578947373
4128,키세츠스시,4.4,서초구, 서울특별시 서초구 방배천로4안길 18 1F,일식, 4만원 이상,2022-07-21,괜찮다,16.0,15.0,1.0,0.0,4.125
4131,신사약방,4.4,서초구, 서울특별시 서초구 나루터로12길 35 1F,한식, 만원-2만원,2022-07-29,맛있다,13.0,11.0,2.0,0.0,3.7230769230769236
4133,무드서울,4.4,서초구, 서울특별시 서초구 올림픽대로 2085-14 솔빛섬 1-2F,주점, 만원-2만원,2022-08-05,맛있다,10.0,10.0,0.0,0.0,4.4
4134,신숙,4.4,서초구, 서울특별시 서초구 법원로3길 21 이정빌딩,한식, 만원 미만,2022-06-09,괜찮다,45.0,39.0,6.0,0.0,3.813333333333334
4135,앙띠크,4.4,서초구, 서울특별시 서초구 서초중앙로20길 14,카페/디저트, 만원 미만,3 일 전,맛있다,26.0,22.0,4.0,0.0,3.7230769230769236
4136,모멍데모시옹,4.4,서초구, 서울특별시 서초구 반포대로3길 31,카페/디저트, 만원 미만,2022-06-12,맛있다,16.0,16.0,0.0,0.0,4.4
4138,반티엔야오카오위,4.4,서초구, 서울특별시 서초구 서초대로73길 12 세계빌딩 1F,중식, 2만원-3만원,2022-07-28,맛있다,23.0,19.0,4.0,0.0,3.6347826086956525
4139,케빈의집,4.4,서초구, 서울특별시 서초구 서초대로29길 17-2 1F,양식, 만원-2만원,2022-07-23,맛있다,5.0,5.0,0.0,0.0,4.4
4141,시올돈,4.4,서초구, 서울특별시 서초구 청두곶길 6-1 1F,일식, 만원-2만원,2022-08-02,맛있다,10.0,9.0,1.0,0.0,3.96
4142,태양커피,4.4,서초구, 서울특별시 서초구 방배천로 32 송암빌딩 1F,카페/디저트, 만원 미만,2022-08-14,맛있다,18.0,16.0,2.0,0.0,3.9111111111111114
4143,비스테까,4.4,서초구, 서울특별시 서초구 신반포로 176 신세계백화점 강남점 B1,카페/디저트, 만원-2만원,2022-05-24,맛있다,23.0,20.0,3.0,0.0,3.8260869565217392
4150,레프레미스,4.3,서초구, 서울특별시 서초구 남부순환로337길 36,카페/디저트, 만원 미만,2021-11-24,맛있다,119.0,103.0,15.0,1.0,3.6495798319327726
4153,플레이버즈,4.3,서초구, 서울특별시 서초구 신반포로 176 JW메리어트 호텔 서울 2F,기타, 4만원 이상,2022-06-19,맛있다,35.0,31.0,4.0,0.0,3.8085714285714283
4162,푸드더즈매터,4.3,서초구, 서울특별시 서초구 서래로1길 10 1F,양식, 만원-2만원,2022-06-09,맛있다,25.0,21.0,4.0,0.0,3.612
4164,천년식향,4.3,서초구, 서울특별시 서초구 효령로 316-1 3F,양식, 4만원 이상,2022-06-07,괜찮다,18.0,15.0,3.0,0.0,3.5833333333333335
4170,리프레셔스,4.3,서초구, 서울특별시 서초구 청두곶6길 8 1F,카페/디저트, 만원 미만,2022-05-07,맛있다,32.0,31.0,1.0,0.0,4.1656249999999995
4172,갈쿠리와소쿠리,4.3,서초구, 서울특별시 서초구 신반포로45길 50-9 유진빌딩,한식, 만원 미만,2022-04-25,맛있다,32.0,28.0,4.0,0.0,3.7624999999999997
4173,호피덕,4.3,서초구, 서울특별시 서초구 양재천로 135-4,양식, 만원-2만원,2022-06-26,맛있다,27.0,22.0,5.0,0.0,3.5037037037037035
4174,3대삼계장인,4.3,서초구, 서울특별시 서초구 반포대로28길 56-3 1F,한식, 만원-2만원,2022-08-06,맛있다,24.0,22.0,2.0,0.0,3.9416666666666664
4175,토라도라,4.3,서초구, 서울특별시 서초구 논현로31길 56 JCS빌딩,일식, 만원-2만원,2022-08-04,맛있다,11.0,9.0,2.0,0.0,3.5181818181818176
4178,홍두깨수타손칼국수,4.3,서초구, 서울특별시 서초구 강남대로109길 45-16 대성빌딩,한식, 만원 미만,2022-05-03,맛있다,6.0,6.0,0.0,0.0,4.3
4184,성천막국수,4.3,서초구, 서울특별시 서초구 강남대로 545-12,한식, 만원 미만,2022-08-05,맛있다,9.0,8.0,1.0,0.0,3.822222222222222
4188,라바트리,4.3,서초구, 서울특별시 서초구 서초대로27길 33 B1,카페/디저트, 만원 미만,2022-05-08,맛있다,8.0,8.0,0.0,0.0,4.3
4189,디토,4.3,서초구, 서울특별시 서초구 명달로 94 1F,양식, 3만원-4만원,2022-02-15,맛있다,9.0,8.0,1.0,0.0,3.822222222222222
4190,더블딥커피,4.3,서초구, 서울특별시 서초구 방배로11길 21 상가 2호,카페/디저트, 만원 미만,2022-07-31,맛있다,9.0,9.0,0.0,0.0,4.3
4191,한성양꼬치,4.3,서초구, 서울특별시 서초구 서초대로50길 63,중식, 만원-2만원,2022-05-30,맛있다,6.0,6.0,0.0,0.0,4.3
4194,볼빨간딱새우,4.3,서초구, 서울특별시 서초구 강남대로101안길 4 1F,주점, 만원-2만원,1 일 전,맛있다,7.0,6.0,1.0,0.0,3.6857142857142855
4205,상아김밥&떡볶이,4.2,서초구, 서울특별시 서초구 강남대로95길 47-4,한식, 만원 미만,2022-06-29,맛있다,24.0,20.0,4.0,0.0,3.5
4208,세시셀라팩토리,4.2,서초구, 서울특별시 서초구 방배로42길 46 2F,카페/디저트, 만원-2만원,2022-05-20,맛있다,16.0,15.0,1.0,0.0,3.9375
4219,모던샤브하우스,4.2,서초구, 서울특별시 서초구 신반포로 176,한식, 4만원 이상,2022-07-28,괜찮다,6.0,5.0,1.0,0.0,3.5
4221,카페 원,4.2,서초구, 서울특별시 서초구 신반포로 176 JW메리어트 호텔 서울 1F,카페/디저트, 2만원-3만원,2022-01-14,맛있다,8.0,8.0,0.0,0.0,4.2
4222,언니가숨겨놓은과자상자,4.2,서초구, 서울특별시 서초구 방배천로8길 36 1F,카페/디저트, 만원 미만,2022-07-31,맛있다,12.0,11.0,1.0,0.0,3.85
4224,백년옥,4.2,서초구, 서울특별시 서초구 남부순환로323길 1 다모성갤러리,한식, 만원-2만원,2022-01-18,맛있다,15.0,13.0,2.0,0.0,3.64
4225,삼호복집,4.2,서초구, 서울특별시 서초구 강남대로51길 5 기우빌딩,기타, 2만원-3만원,2021-06-27,맛있다,9.0,9.0,0.0,0.0,4.2
4226,쎄종드파이,4.2,서초구, 서울특별시 서초구 서초대로40길 48-16,카페/디저트, 만원 미만,2022-04-05,맛있다,6.0,6.0,0.0,0.0,4.2
4227,강셰프스토리,4.2,서초구, 서울특별시 서초구 방배로 234-6,일식, 2만원-3만원,2022-05-31,맛있다,11.0,10.0,1.0,0.0,3.8181818181818183
4228,파티시안,4.2,서초구, 서울특별시 서초구 서초대로25길 37,카페/디저트, 만원 미만,2022-06-30,맛있다,4.0,4.0,0.0,0.0,4.2
4229,피노키오,4.2,서초구, 서울특별시 서초구 사평대로22길 42 103호,카페/디저트, 만원 미만,2022-08-04,맛있다,4.0,4.0,0.0,0.0,4.2
4232,바른고기바른가격 정육점,4.2,서초구, 서울특별시 서초구 동광로 80 정암빌딩 1-2F,한식, 4만원 이상,2022-06-30,괜찮다,7.0,6.0,1.0,0.0,3.6000000000000005
4233,화이트리에,4.2,서초구, 서울특별시 서초구 신반포로 219 1F 1호,카페/디저트, 만원 미만,2022-04-30,맛있다,5.0,5.0,0.0,0.0,4.2
4234,해브커피,4.2,서초구, 서울특별시 서초구 서초대로25길 51 1F,카페/디저트, 만원 미만,2022-07-02,맛있다,4.0,4.0,0.0,0.0,4.2
4246,세광양대창,4.1,서초구, 서울특별시 서초구 반포대로28길 79 1-2F,한식, 만원-2만원,2022-04-20,맛있다,83.0,80.0,2.0,1.0,3.8530120481927708
4257,공간21,4.1,서초구, 서울특별시 서초구 서초대로46길 42 1F,카페/디저트, 2만원-3만원,2021-06-20,맛있다,16.0,15.0,1.0,0.0,3.8437499999999996
4262,버거베어,4.1,서초구, 서울특별시 서초구 신반포로47길 56 1F 102호,양식, 만원 미만,2021-11-08,맛있다,22.0,20.0,2.0,0.0,3.727272727272727
4265,고스트요거트,4.1,서초구, 서울특별시 서초구 서초중앙로20길 37 1F,카페/디저트, 만원 미만,2022-02-04,맛있다,22.0,21.0,1.0,0.0,3.9136363636363636
4266,민이네식빵,4.1,서초구, 서울특별시 서초구 방배천로2안길 51,카페/디저트, 만원 미만,2022-07-07,괜찮다,28.0,26.0,2.0,0.0,3.807142857142857
4272,발콩,4.1,서초구, 서울특별시 서초구 동광로11길 35,카페/디저트, 만원 미만,2022-06-01,맛있다,6.0,6.0,0.0,0.0,4.1
4273,데일리소유,4.1,서초구, 서울특별시 서초구 방배중앙로15길 39 뉴씨엘 B1,카페/디저트, 만원 미만,2022-02-21,맛있다,8.0,8.0,0.0,0.0,4.1
4274,한성돈까스,4.1,서초구, 서울특별시 서초구 나루터로12길 34,한식, 만원-2만원,2022-05-05,맛있다,15.0,14.0,1.0,0.0,3.826666666666666
4275,꽃볶이,4.1,서초구, 서울특별시 서초구 강남대로95길 47-7 1F,한식, 만원 미만,2021-05-29,맛있다,11.0,10.0,1.0,0.0,3.727272727272727
4276,몬탁,4.1,서초구, 서울특별시 서초구 서초대로32길 8,카페/디저트, 만원 미만,2022-08-11,맛있다,4.0,4.0,0.0,0.0,4.1
4280,두배족발 공원옆,4.1,서초구, 서울특별시 서초구 신반포로47길 61 아남빌딩,한식, 3만원-4만원,2022-04-06,괜찮다,9.0,8.0,1.0,0.0,3.644444444444444
4297,따빠디또 디저트 따빠스바,4.7,관악구, 서울특별시 관악구 행운1길 79 상가 104호,카페/디저트, 만원 미만,2 일 전,괜찮다,48.0,47.0,1.0,0.0,4.602083333333334
4298,뉴욕택시디저트,4.6,관악구, 서울특별시 관악구 남부순환로 1870 1F,카페/디저트, 만원 미만,2022-08-11,맛있다,108.0,95.0,12.0,1.0,3.961111111111111
4299,베이컨시,4.6,관악구, 서울특별시 관악구 봉천로62길 5 옥산빌딩 B1,양식, 만원-2만원,2022-07-31,맛있다,37.0,30.0,7.0,0.0,3.72972972972973
4300,루비정,4.6,관악구, 서울특별시 관악구 남부순환로 1690,중식, 만원-2만원,2022-06-19,맛있다,22.0,21.0,1.0,0.0,4.390909090909091
4301,빠사삭,4.5,관악구, 서울특별시 관악구 신림로17길 41,한식, 만원 미만,2 일 전,괜찮다,53.0,51.0,2.0,0.0,4.330188679245283
4303,오목눈이 (휴업중),4.4,관악구, 서울특별시 관악구 장군봉1길 32 2F,카페/디저트, 만원 미만,2022-06-19,맛있다,92.0,76.0,15.0,1.0,3.539130434782609
4306,오월의김밥,4.4,관악구, 서울특별시 관악구 봉천로 605,한식, 만원 미만,2022-07-02,괜찮다,90.0,79.0,9.0,2.0,3.666666666666667
4308,카츠오도,4.4,관악구, 서울특별시 관악구 조원로16가길 51,일식, 만원-2만원,3 일 전,맛있다,6.0,6.0,0.0,0.0,4.4
4313,크래프티,4.3,관악구, 서울특별시 관악구 낙성대로 24 2F,카페/디저트, 만원 미만,3 일 전,맛있다,13.0,12.0,1.0,0.0,3.969230769230769
4315,동학,4.3,관악구, 서울특별시 관악구 대학5길 29,한식, 만원-2만원,2022-07-05,맛있다,17.0,15.0,2.0,0.0,3.7941176470588234
4316,푀유 파티세리,4.3,관악구, 서울특별시 관악구 남부순환로244가길 19,카페/디저트, 만원 미만,2022-06-23,맛있다,6.0,6.0,0.0,0.0,4.3
4317,베어문,4.3,관악구, 서울특별시 관악구 호암로22길 29,카페/디저트, 만원 미만,4 일 전,맛있다,10.0,10.0,0.0,0.0,4.3
4318,요샌,4.3,관악구, 서울특별시 관악구 남부순환로230길 42 1F,카페/디저트, 만원 미만,4 일 전,맛있다,11.0,11.0,0.0,0.0,4.3
4321,그릭데이,4.3,관악구, 서울특별시 관악구 관악로 168,카페/디저트, 만원 미만,2022-01-08,맛있다,11.0,11.0,0.0,0.0,4.3
4322,스톡홀름샐러드,4.3,관악구, 서울특별시 관악구 신림로17길 63 1F,양식, 만원 미만,2022-04-26,맛있다,4.0,4.0,0.0,0.0,4.3
4323,10인치샌드위치&커피,4.3,관악구, 서울특별시 관악구 관악로 1 서울대학교 기숙사900동 B2,양식, 만원 미만,2022-07-18,맛있다,4.0,4.0,0.0,0.0,4.3
4328,축상,4.2,관악구, 서울특별시 관악구 남부순환로 1848-6 B1,주점, 2만원-3만원,2022-05-20,맛있다,20.0,19.0,1.0,0.0,3.9899999999999998
4333,통영장어잡는날,4.2,관악구, 서울특별시 관악구 대학길 103,기타, 만원-2만원,2022-07-09,괜찮다,13.0,12.0,1.0,0.0,3.8769230769230774
4335,안밀,4.2,관악구, 서울특별시 관악구 남부순환로 1945 1F,카페/디저트, 만원 미만,2022-08-03,맛있다,7.0,6.0,1.0,0.0,3.6000000000000005
4336,피자보이시나,4.2,관악구, 서울특별시 관악구 남부순환로234길 31 1F,양식, 만원-2만원,2022-06-18,괜찮다,23.0,20.0,3.0,0.0,3.652173913043478
4337,테일오브테일스,4.2,관악구, 서울특별시 관악구 행운1길 2,주점, 만원-2만원,2022-06-06,맛있다,8.0,8.0,0.0,0.0,4.2
4338,라빈느,4.2,관악구, 서울특별시 관악구 신림로17길 57,카페/디저트, 만원 미만,3 일 전,맛있다,4.0,4.0,0.0,0.0,4.2
4339,강릉형제장칼국수,4.2,관악구, 서울특별시 관악구 대학5길 10-7,한식, 만원 미만,4 일 전,맛있다,7.0,7.0,0.0,0.0,4.2
4350,고로커피로스터스,4.1,관악구, 서울특별시 관악구 남부순환로231길 33 1F,카페/디저트, 만원 미만,2022-07-22,맛있다,19.0,17.0,2.0,0.0,3.668421052631578
4354,보울,4.1,관악구, 서울특별시 관악구 봉천로 566-1 동아오피스텔 1F,한식, 만원 미만,2022-06-18,괜찮다,8.0,7.0,1.0,0.0,3.5874999999999995
4356,멸치국수집,4.1,관악구, 서울특별시 관악구 과천대로 951,한식, 만원 미만,2022-06-26,맛있다,7.0,6.0,1.0,0.0,3.514285714285714
4377,다글다글,4.0,관악구, 서울특별시 관악구 남현8길 8-7,한식, 만원 미만,2022-06-05,맛있다,17.0,15.0,2.0,0.0,3.5294117647058822
4488,진영면옥,4.3,금천구, 서울특별시 금천구 가산로 22-5,한식, 만원-2만원,2022-07-04,맛있다,16.0,15.0,1.0,0.0,4.03125
4489,여신족발,4.3,금천구, 서울특별시 금천구 벚꽃로38길 21,한식, 만원-2만원,2022-04-29,맛있다,34.0,30.0,3.0,1.0,3.541176470588235
4684,라꾸긴,4.6,구로구, 서울특별시 구로구 가마산로 268,주점, 2만원-3만원,2022-07-27,맛있다,15.0,15.0,0.0,0.0,4.6
4687,고바우덩어리생고기,4.2,구로구, 서울특별시 구로구 부일로1길 9,한식, 만원-2만원,2022-07-25,맛있다,6.0,6.0,0.0,0.0,4.2
4726,춘자싸롱,4.7,구로구, 서울특별시 구로구 디지털로32나길 11,한식, 만원-2만원,2020-10-15,맛있다,14.0,13.0,1.0,0.0,4.364285714285715
4732,부뚜막청국장,4.0,구로구, 서울특별시 구로구 구로중앙로28길 24,한식, 만원-2만원,2021-06-16,맛있다,11.0,10.0,1.0,0.0,3.6363636363636362
4779,이미커피,4.7,구로구, 서울특별시 구로구 디지털로27길 116 101호,카페/디저트, 만원 미만,2021-09-13,맛있다,4.0,4.0,0.0,0.0,4.7
4842,카츠곳간,4.6,구로구, 서울특별시 구로구 공원로6가길 52 정진빌딩,일식, 만원-2만원,2021-07-21,맛있다,5.0,4.0,1.0,0.0,3.6799999999999997
