,식당명,별점,구,주소,음식종류,가격대,리뷰날짜,리뷰평가,리뷰수,맛있다수,괜찮다수,별로다수
0,카레,4.6,성북구,주소 서울특별시 성북구 성북로 62-1,가격대 만원 미만,주차 주차공간없음,2022-08-03,맛있다,78,68.0,7.0,3.0
1,도이칠란드 박,4.6,성북구,주소 서울특별시 성북구 솔샘로6길 30-15 1F,음식 종류 세계음식 기타,가격대 만원-2만원,2022-07-04,맛있다,21,19.0,0.0,2.0
2,뽀르께노 스페니쉬비스트로,4.6,성북구,주소 서울특별시 성북구 동소문로6길 4-21 1F,음식 종류 세계음식 기타,가격대 만원-2만원,2022-07-22,맛있다,7,7.0,0.0,0.0
3,공푸,4.5,성북구,주소 서울특별시 성북구 삼선교로24길 29,음식 종류 정통 중식 / 일반 중식,가격대 만원 미만,2022-07-07,별로,91,76.0,11.0,4.0
4,성북동집,4.5,성북구,주소 서울특별시 성북구 성북로24길 4,음식 종류 국수 / 면 요리,가격대 만원-2만원,2022-07-28,맛있다,41,35.0,6.0,0.0
5,계모임,4.5,성북구,주소 서울특별시 성북구 보문로30라길 5-10 1F,음식 종류 닭 / 오리 요리,가격대 만원-2만원,5 일 전,맛있다,10,10.0,0.0,0.0
6,옥돌,4.5,성북구,주소 서울특별시 성북구 동소문로17길 11,음식 종류 이탈리안,가격대 만원-2만원,2022-07-18,맛있다,5,5.0,0.0,0.0
7,우정초밥,4.4,성북구,주소 서울특별시 성북구 종암로3길 31 1F,음식 종류 회 / 스시,가격대 2만원-3만원,2022-06-18,맛있다,31,28.0,3.0,0.0
8,모짜,4.4,성북구,주소 서울특별시 성북구 성북로 102,음식 종류 이탈리안,가격대 만원-2만원,2022-01-31,괜찮다,49,39.0,9.0,1.0
9,일흥콩나물국밥,4.4,성북구,주소 서울특별시 성북구 고려대로5길 77,음식 종류 탕 / 찌개 / 전골,가격대 만원 미만,2022-05-16,맛있다,11,11.0,0.0,0.0
10,드시소,4.4,성북구,주소 서울특별시 성북구 보국문로 86-3 1F,음식 종류 이자카야 / 오뎅 / 꼬치,가격대 2만원-3만원,2022-05-15,맛있다,8,8.0,0.0,0.0
11,마실참숯불생고기집,4.4,성북구,주소 서울특별시 성북구 종암로38길 41-2,음식 종류 고기 요리,가격대 만원-2만원,2022-07-21,맛있다,7,7.0,0.0,0.0
12,고른햇살,4.3,성북구,주소 서울특별시 성북구 개운사길 27,음식 종류 기타 한식,가격대 만원 미만,2022-07-29,맛있다,268,203.0,52.0,13.0
13,성북동누룽지백숙,4.3,성북구,주소 서울특별시 성북구 성북로31길 9,음식 종류 국수 / 면 요리,가격대 만원 미만,2022-07-16,맛있다,169,127.0,33.0,9.0
14,스시 오오시마 (휴업중),4.3,성북구,주소 서울특별시 성북구 성북로 74,가격대 4만원 이상,주차 주차공간없음,2022-05-22,맛있다,20,18.0,0.0,2.0
15,팔백집,4.3,성북구,주소 서울특별시 성북구 보문로30길 46,음식 종류 고기 요리,가격대 만원-2만원,2022-07-04,맛있다,30,24.0,5.0,1.0
16,바람난오리궁뎅이,4.3,성북구,주소 서울특별시 성북구 보국문로29길 15,음식 종류 닭 / 오리 요리,가격대 2만원-3만원,2021-07-30,맛있다,19,18.0,1.0,0.0
17,영순관,4.3,성북구,주소 서울특별시 성북구 지봉로24길 19,음식 종류 정통 중식 / 일반 중식,가격대 만원 미만,2022-01-30,맛있다,9,8.0,1.0,0.0
18,한상차림밥상,4.3,성북구,주소 서울특별시 성북구 고려대로8길 35 1F,음식 종류 한정식 / 백반 / 정통 한식,가격대 만원-2만원,2022-07-03,맛있다,26,21.0,3.0,2.0
19,밀곳간,4.3,성북구,주소 서울특별시 성북구 성북로18길 19,음식 종류 베이커리,가격대 만원 미만,2022-08-02,맛있다,14,14.0,0.0,0.0
20,제주고깃집,4.3,성북구,주소 서울특별시 성북구 안암로 69-1,음식 종류 고기 요리,가격대 만원-2만원,2022-07-25,맛있다,26,23.0,2.0,1.0
21,참나무닭나라,4.3,성북구,주소 서울특별시 성북구 동소문로8길 12,음식 종류 닭 / 오리 요리,가격대 만원 미만,2022-03-23,맛있다,18,17.0,0.0,1.0
22,토로생선구이,4.3,성북구,주소 서울특별시 성북구 고려대로28길 14-1,음식 종류 한정식 / 백반 / 정통 한식,가격대 만원-2만원,2022-03-31,맛있다,10,9.0,1.0,0.0
23,달밝은집,4.3,성북구,주소 서울특별시 성북구 정릉로6길 35,음식 종류 고기 요리,가격대 만원-2만원,2021-10-31,맛있다,9,8.0,0.0,1.0
24,애정마라샹궈,4.2,성북구,주소 서울특별시 성북구 동소문로24길 23 2F,음식 종류 정통 중식 / 일반 중식,가격대 만원-2만원,2022-08-09,별로,165,129.0,25.0,11.0
25,안동반점,4.2,성북구,주소 서울특별시 성북구 고려대로1길 35-1,음식 종류 정통 중식 / 일반 중식,가격대 만원 미만,2022-08-10,맛있다,32,25.0,4.0,3.0
26,동병상련,4.2,성북구,주소 서울특별시 성북구 정릉로10길 42-6,음식 종류 카페 / 디저트,가격대 만원 미만,2022-04-24,맛있다,7,7.0,0.0,0.0
27,수아당,4.2,성북구,주소 서울특별시 성북구 동소문로20가길 33 1F,음식 종류 기타 한식,가격대 만원 미만,2022-06-29,맛있다,20,17.0,2.0,1.0
28,오스테리아치티,4.2,성북구,주소 서울특별시 성북구 성북로5길 12 101호,음식 종류 이탈리안,가격대 2만원-3만원,2022-04-16,맛있다,10,8.0,2.0,0.0
29,임금님자장면,4.2,성북구,주소 서울특별시 성북구 보국문로 91,음식 종류 정통 중식 / 일반 중식,가격대 만원 미만,2022-06-29,맛있다,12,10.0,2.0,0.0
30,스시다온,4.1,성북구,주소 서울특별시 성북구 한천로80길 51 2F,음식 종류 회 / 스시,가격대 3만원-4만원,2022-06-23,괜찮다,12,8.0,4.0,0.0
31,오샬,4.1,성북구,주소 서울특별시 성북구 인촌로24길 6 문원빌딩 3F,음식 종류 인도 음식,가격대 만원-2만원,2022-04-01,맛있다,67,46.0,16.0,5.0
32,동우설렁탕,4.1,성북구,주소 서울특별시 성북구 개운사길 45,음식 종류 탕 / 찌개 / 전골,가격대 만원 미만,2022-07-23,맛있다,54,38.0,14.0,2.0
33,일상,4.1,성북구,주소 서울특별시 성북구 성북로 106,음식 종류 카페 / 디저트,가격대 만원 미만,2022-05-22,맛있다,28,26.0,1.0,1.0
34,병과점임오반,4.1,성북구,주소 서울특별시 성북구 동소문로17길 27 102호,음식 종류 카페 / 디저트,가격대 만원 미만,2022-06-02,맛있다,11,11.0,0.0,0.0
35,김통,4.1,성북구,주소 서울특별시 성북구 동소문로 124,음식 종류 고기 요리,가격대 만원-2만원,2021-09-25,맛있다,31,24.0,3.0,4.0
36,샤뽀블랑,4.1,성북구,주소 서울특별시 성북구 성북로 60,음식 종류 베이커리,가격대 만원 미만,2022-07-31,맛있다,19,17.0,2.0,0.0
37,명문막국수,4.1,성북구,주소 서울특별시 성북구 창경궁로 319,음식 종류 국수 / 면 요리,가격대 만원 미만,5 일 전,맛있다,19,16.0,3.0,0.0
38,스프레드,4.1,성북구,주소 서울특별시 성북구 성북로6가길 1 1F,음식 종류 카페 / 디저트,가격대 만원 미만,2022-07-31,맛있다,11,9.0,2.0,0.0
39,이공김밥,4.1,성북구,주소 서울특별시 성북구 안암로 61-6,음식 종류 기타 한식,가격대 만원 미만,2022-05-01,맛있다,16,10.0,6.0,0.0
40,길음모소리,4.1,성북구,주소 서울특별시 성북구 삼양로 13,음식 종류 고기 요리,가격대 만원-2만원,2022-06-28,맛있다,13,10.0,2.0,1.0
41,동선식당,4.1,성북구,주소 서울특별시 성북구 보문로30라길 9,음식 종류 고기 요리,가격대 만원-2만원,2022-05-09,괜찮다,9,7.0,2.0,0.0
42,비나케이크,4.1,성북구,주소 서울특별시 성북구 보문로30길 12 101호,음식 종류 카페 / 디저트,가격대 만원-2만원,2022-05-23,괜찮다,22,16.0,6.0,0.0
43,유목커피바,4.1,성북구,주소 서울특별시 성북구 동소문로24길 47 2F,음식 종류 카페 / 디저트,가격대 만원 미만,5 일 전,맛있다,9,7.0,1.0,1.0
44,디프커피,4.1,성북구,주소 서울특별시 성북구 동소문로26가길 56,음식 종류 카페 / 디저트,가격대 만원 미만,2021-04-20,맛있다,7,6.0,1.0,0.0
45,와플앨리,4.1,성북구,주소 서울특별시 성북구 인촌로28길 21 1F,음식 종류 카페 / 디저트,가격대 만원 미만,2022-04-04,맛있다,22,17.0,5.0,0.0
46,바테일러,4.1,성북구,주소 서울특별시 성북구 아리랑로2길 23,음식 종류 칵테일 / 와인,가격대 2만원-3만원,2022-05-29,괜찮다,9,8.0,1.0,0.0
47,반지,4.1,성북구,주소 서울특별시 성북구 인촌로26길 35 B1,음식 종류 기타 양식,가격대 만원-2만원,2022-07-21,맛있다,8,7.0,0.0,1.0
48,버거파크,4.0,성북구,주소 서울특별시 성북구 동소문로22길 56-1,음식 종류 브런치 / 버거 / 샌드위치,가격대 만원 미만,2022-07-18,별로,135,102.0,23.0,10.0
49,성북동면옥집,4.0,성북구,주소 서울특별시 성북구 대사관로 40,음식 종류 국수 / 면 요리,가격대 만원-2만원,2022-05-15,맛있다,56,33.0,16.0,7.0
50,너의냠냠버거,4.0,성북구,주소 서울특별시 성북구 성북로7길 4,음식 종류 브런치 / 버거 / 샌드위치,가격대 만원 미만,2022-06-07,맛있다,35,27.0,8.0,0.0
51,라라면가,4.0,성북구,주소 서울특별시 성북구 동소문로22길 57-25,음식 종류 기타 중식,가격대 만원 미만,3 일 전,별로,50,34.0,12.0,4.0
52,청수장,4.0,성북구,주소 서울특별시 성북구 정릉로 237-2,음식 종류 고기 요리,가격대 만원-2만원,2021-11-23,맛있다,15,12.0,3.0,0.0
53,카페그레도,4.0,성북구,주소 서울특별시 성북구 화랑로 304 1F,음식 종류 카페 / 디저트,가격대 만원 미만,2022-07-17,맛있다,19,11.0,7.0,1.0
54,국시집,4.0,성북구,주소 서울특별시 성북구 창경궁로43길 9,음식 종류 국수 / 면 요리,가격대 만원 미만,2022-06-19,맛있다,37,24.0,9.0,4.0
55,샐러드프린세스,4.0,성북구,주소 서울특별시 성북구 화랑로13길 42,음식 종류 기타 양식,가격대 만원 미만,2021-04-04,맛있다,35,29.0,5.0,1.0
56,봉화묵집,4.0,성북구,주소 서울특별시 성북구 아리랑로19길 46-2,음식 종류 한정식 / 백반 / 정통 한식,가격대 만원 미만,2022-01-16,맛있다,23,18.0,2.0,3.0
57,모블러,4.0,성북구,주소 서울특별시 성북구 동소문로26다길 26 1F,음식 종류 카페 / 디저트,가격대 만원 미만,2022-08-07,맛있다,19,17.0,0.0,2.0
58,백두산양꼬치구이,4.0,성북구,주소 서울특별시 성북구 동소문로20다길 24,음식 종류 기타 중식,가격대 만원-2만원,2021-05-13,맛있다,27,24.0,3.0,0.0
59,어흥식당,4.0,성북구,주소 서울특별시 성북구 고려대로27길 40,음식 종류 스테이크 / 바베큐,가격대 만원 미만,2022-06-08,맛있다,23,17.0,6.0,0.0
60,루틴,4.0,성북구,주소 서울특별시 성북구 보문로34가길 6 1F,음식 종류 카페 / 디저트,가격대 만원 미만,2021-11-25,맛있다,13,10.0,3.0,0.0
61,오버스토리,4.0,성북구,주소 서울특별시 성북구 선잠로2다길 13-13 B1,음식 종류 카페 / 디저트,가격대 만원 미만,2022-07-31,맛있다,7,6.0,1.0,0.0
62,샌드위치하우스,4.0,성북구,주소 서울특별시 성북구 보문로34가길 2,음식 종류 브런치 / 버거 / 샌드위치,가격대 만원 미만,2021-05-30,맛있다,37,31.0,4.0,2.0
63,모던양갱집,4.0,성북구,주소 서울특별시 성북구 보국문로16길 72,음식 종류 카페 / 디저트,가격대 만원 미만,2022-05-13,맛있다,8,7.0,1.0,0.0
64,바스크,4.0,성북구,주소 서울특별시 성북구 삼양로9길 10-2,음식 종류 카페 / 디저트,가격대 만원 미만,2021-12-10,맛있다,9,7.0,2.0,0.0
65,우리할매떡볶이,4.0,성북구,주소 서울특별시 성북구 보문로30길 82,음식 종류 기타 한식,가격대 만원 미만,2022-03-30,맛있다,15,13.0,2.0,0.0
66,이세돈가스,4.0,성북구,주소 서울특별시 성북구 개운사길 32,음식 종류 까스 요리,가격대 만원 미만,2022-06-08,맛있다,20,16.0,0.0,4.0
67,천막집,4.0,성북구,주소 서울특별시 성북구 보문로30길 31 1F,음식 종류 고기 요리,가격대 만원-2만원,2022-07-03,맛있다,7,5.0,2.0,0.0
68,호랑이김밥,4.0,성북구,주소 서울특별시 성북구 성북로 18,음식 종류 기타 한식,가격대 만원 미만,2022-06-28,맛있다,6,4.0,2.0,0.0
69,블랑제메종북악,3.9,성북구,주소 서울특별시 성북구 성북로 156,음식 종류 카페 / 디저트,가격대 만원 미만,2022-07-21,맛있다,44,31.0,9.0,4.0
70,프로마치,3.9,성북구,주소 서울특별시 성북구 인촌로24가길 13,음식 종류 브런치 / 버거 / 샌드위치,가격대 만원 미만,2022-07-03,맛있다,105,77.0,18.0,10.0
71,디어브레드,3.9,성북구,주소 서울특별시 성북구 개운사1길 29,음식 종류 베이커리,가격대 만원 미만,2022-01-29,맛있다,129,107.0,17.0,5.0
72,해로커피,3.9,성북구,주소 서울특별시 성북구 성북로 19-3,음식 종류 카페 / 디저트,가격대 만원 미만,2022-07-22,괜찮다,22,14.0,8.0,0.0
73,제뉴어리피크닉,3.9,성북구,주소 서울특별시 성북구 창경궁로43길 26,음식 종류 카페 / 디저트,가격대 만원 미만,2022-02-22,맛있다,16,11.0,4.0,1.0
74,야마토텐동,3.9,성북구,주소 서울특별시 성북구 고려대로28길 2,음식 종류 돈부리 / 일본 카레 / 벤토,가격대 만원 미만,2022-03-08,맛있다,37,24.0,12.0,1.0
75,히포크라테스 스프,3.9,성북구,주소 서울특별시 성북구 고려대로28길 12-3,음식 종류 브런치 / 버거 / 샌드위치,가격대 만원 미만,2022-07-21,맛있다,43,32.0,7.0,4.0
76,꽌부이,3.9,성북구,주소 서울특별시 성북구 인촌로27길 28,음식 종류 베트남 음식,가격대 만원 미만,2021-10-15,괜찮다,38,26.0,10.0,2.0
77,할매숯불닭갈비,3.9,성북구,주소 서울특별시 성북구 동소문로20길 37-5,음식 종류 닭 / 오리 요리,가격대 만원-2만원,2022-04-26,맛있다,28,17.0,6.0,5.0
78,리이케,3.9,성북구,주소 서울특별시 성북구 보문로34가길 24,음식 종류 카페 / 디저트,가격대 만원 미만,2021-12-09,별로,16,12.0,2.0,2.0
79,언니네반점,3.9,성북구,주소 서울특별시 성북구 인촌로27길 42,음식 종류 정통 중식 / 일반 중식,가격대 만원 미만,2022-07-29,맛있다,24,15.0,6.0,3.0
80,살살솔트앤샐러드,3.9,성북구,주소 서울특별시 성북구 성북로6길 20 1F,음식 종류 기타 양식,가격대 만원 미만,2022-06-24,괜찮다,17,12.0,3.0,2.0
81,사랑마라탕,3.9,성북구,주소 서울특별시 성북구 개운사길 21-3,음식 종류 기타 중식,가격대 만원 미만,2022-06-23,맛있다,34,23.0,8.0,3.0
82,우주제빵소,3.9,성북구,주소 서울특별시 성북구 성북로28길 13,음식 종류 베이커리,가격대 만원 미만,2022-06-21,맛있다,6,5.0,1.0,0.0
83,더홈서울,3.9,성북구,주소 서울특별시 성북구 인촌로1길 87,음식 종류 카페 / 디저트,가격대 만원 미만,2022-05-28,맛있다,15,10.0,5.0,0.0
84,선동보리밥,3.9,성북구,주소 서울특별시 성북구 성북로 134-4,음식 종류 한정식 / 백반 / 정통 한식,가격대 만원-2만원,2022-06-04,괜찮다,9,6.0,1.0,2.0
85,달콤한위로,3.9,성북구,주소 서울특별시 성북구 창경궁로43길 24,음식 종류 카페 / 디저트,가격대 만원 미만,2022-05-07,맛있다,9,7.0,2.0,0.0
86,와플앨리,3.9,성북구,주소 서울특별시 성북구 보문로34길 68-3,음식 종류 카페 / 디저트,가격대 만원 미만,2021-04-21,맛있다,17,13.0,4.0,0.0
87,돈암순대,3.9,성북구,주소 서울특별시 성북구 동소문로18길 12-3,음식 종류 탕 / 찌개 / 전골,가격대 만원 미만,2020-04-30,맛있다,20,15.0,4.0,1.0
88,황준호베이커리,3.9,성북구,주소 서울특별시 성북구 고려대로 86,음식 종류 베이커리,가격대 만원 미만,2022-04-25,맛있다,31,23.0,6.0,2.0
89,장수식당,3.9,성북구,주소 서울특별시 성북구 정릉로26길 55,음식 종류 한정식 / 백반 / 정통 한식,가격대 만원 미만,2022-07-13,맛있다,6,6.0,0.0,0.0
90,춘자,3.9,성북구,주소 서울특별시 성북구 인촌로26길 42-2,음식 종류 일반 주점,가격대 만원 미만,2022-03-08,괜찮다,39,28.0,10.0,1.0
91,슬로우브레드파파,3.9,성북구,주소 서울특별시 성북구 보문로30나길 29,음식 종류 카페 / 디저트,가격대 만원 미만,2021-07-21,맛있다,12,11.0,1.0,0.0
92,그릭데이,3.9,성북구,주소 서울특별시 성북구 보문로34길 66,음식 종류 카페 / 디저트,가격대 만원 미만,2021-06-11,맛있다,9,7.0,2.0,0.0
93,북경양꼬치,3.9,성북구,주소 서울특별시 성북구 인촌로24길 3-36 1F,음식 종류 기타 중식,가격대 만원-2만원,2021-09-22,맛있다,18,13.0,4.0,1.0
94,수연산방,3.8,성북구,주소 서울특별시 성북구 성북로26길 8,음식 종류 카페 / 디저트,가격대 만원-2만원,2022-06-30,맛있다,104,62.0,32.0,10.0
95,로스디아스,3.8,성북구,주소 서울특별시 성북구 동소문로22길 67 2F,음식 종류 카페 / 디저트,가격대 만원 미만,2022-05-18,괜찮다,34,21.0,13.0,0.0
96,제순식당,3.8,성북구,주소 서울특별시 성북구 동소문로20다길 30-9,음식 종류 한정식 / 백반 / 정통 한식,가격대 만원 미만,2021-10-08,별로,95,62.0,22.0,11.0
97,메종드루즈,3.8,성북구,주소 서울특별시 성북구 보문로34길 68-5 1F,음식 종류 카페 / 디저트,가격대 만원 미만,2020-10-12,맛있다,70,53.0,13.0,4.0
98,포도집,3.8,성북구,주소 서울특별시 성북구 정릉로32길 4 1F,음식 종류 이탈리안,가격대 2만원-3만원,2022-04-08,맛있다,14,8.0,4.0,2.0
99,안선생주가,3.8,성북구,주소 서울특별시 성북구 동소문로20다길 14 2F,음식 종류 정통 중식 / 일반 중식,가격대 만원 미만,2022-03-27,괜찮다,21,14.0,5.0,2.0
100,죠셉의커피나무,3.8,성북구,주소 서울특별시 성북구 성북로31길 65,음식 종류 카페 / 디저트,가격대 만원 미만,2022-01-20,맛있다,11,7.0,3.0,1.0
101,구포국수,3.8,성북구,주소 서울특별시 성북구 성북로 52-1,음식 종류 국수 / 면 요리,가격대 만원 미만,2022-08-06,맛있다,14,10.0,3.0,1.0
102,폴드커피,3.8,성북구,주소 서울특별시 성북구 종암로 214-3,음식 종류 카페 / 디저트,가격대 만원 미만,2022-01-18,괜찮다,11,6.0,4.0,1.0
103,58도씨,3.8,성북구,주소 서울특별시 성북구 인촌로26길 42-2,가격대 만원 미만,주차 주차공간없음,2020-09-13,맛있다,23,16.0,5.0,2.0
104,본크레페,3.8,성북구,주소 서울특별시 성북구 동소문로20다길 30,음식 종류 카페 / 디저트,가격대 만원 미만,2021-06-04,맛있다,31,28.0,3.0,0.0
105,캘린더커피스탠드,3.8,성북구,주소 서울특별시 성북구 고려대로 40 1F,음식 종류 카페 / 디저트,가격대 만원 미만,2022-02-10,맛있다,8,6.0,2.0,0.0
106,미스터국밥,3.8,성북구,주소 서울특별시 성북구 고려대로 102,음식 종류 탕 / 찌개 / 전골,가격대 만원 미만,2022-07-29,맛있다,12,6.0,6.0,0.0
107,버들국수,3.8,성북구,주소 서울특별시 성북구 화랑로40길 39,음식 종류 국수 / 면 요리,가격대 만원 미만,2022-07-08,맛있다,9,6.0,3.0,0.0
108,나폴레옹과자점,3.7,성북구,주소 서울특별시 성북구 성북로 7,음식 종류 베이커리,가격대 만원 미만,2 일 전,맛있다,124,77.0,38.0,9.0
109,쓰리로보스,3.7,성북구,주소 서울특별시 성북구 동소문로20다길 25,음식 종류 퓨전 양식,가격대 만원-2만원,6 일 전,괜찮다,48,34.0,11.0,3.0
110,하단,3.7,성북구,주소 서울특별시 성북구 성북로6길 14,음식 종류 탕 / 찌개 / 전골,가격대 만원-2만원,2022-05-08,맛있다,47,27.0,11.0,9.0
111,성북동돼지갈비집,3.7,성북구,주소 서울특별시 성북구 성북로 115,음식 종류 고기 요리,가격대 만원 미만,2021-03-24,맛있다,21,12.0,6.0,3.0
112,송림원,3.7,성북구,주소 서울특별시 성북구 동소문로 25-2,음식 종류 정통 중식 / 일반 중식,가격대 만원 미만,2022-05-26,괜찮다,10,6.0,3.0,1.0
113,태조감자국,3.7,성북구,주소 서울특별시 성북구 보문로34길 43 세학빌딩,음식 종류 탕 / 찌개 / 전골,가격대 만원 미만,2022-05-30,맛있다,36,21.0,11.0,4.0
114,카페 원오프,3.7,성북구,주소 서울특별시 성북구 동소문로22길 57-4 2F,음식 종류 카페 / 디저트,가격대 만원 미만,2021-06-11,괜찮다,10,5.0,5.0,0.0
115,커피명가,3.7,성북구,주소 서울특별시 성북구 안암로5길 40,음식 종류 카페 / 디저트,가격대 만원 미만,2022-01-24,맛있다,19,14.0,5.0,0.0
116,아뜰리에에마미,3.7,성북구,주소 서울특별시 성북구 보문로34나길 4,음식 종류 카페 / 디저트,가격대 만원 미만,2021-06-27,맛있다,18,13.0,5.0,0.0
117,문화식당,3.7,성북구,주소 서울특별시 성북구 혜화로 88 2F,음식 종류 퓨전 양식,가격대 만원-2만원,2022-05-31,괜찮다,13,10.0,3.0,0.0
118,소담,3.7,성북구,주소 서울특별시 성북구 지봉로24길 31,음식 종류 라멘 / 소바 / 우동,가격대 만원 미만,2022-07-05,맛있다,10,8.0,2.0,0.0
119,카페58.4,3.7,성북구,주소 서울특별시 성북구 성북로16길 4-13,음식 종류 카페 / 디저트,가격대 만원 미만,2022-08-06,괜찮다,10,7.0,2.0,1.0
120,창신동매운족발,3.7,성북구,주소 서울특별시 성북구 한천로78길 57,음식 종류 고기 요리,가격대 만원-2만원,2021-11-06,맛있다,23,17.0,4.0,2.0
121,라이라이라이,3.7,성북구,주소 서울특별시 성북구 보문로34길 76,음식 종류 베트남 음식,가격대 만원 미만,2021-09-30,맛있다,14,9.0,5.0,0.0
122,애정훠궈,3.7,성북구,주소 서울특별시 성북구 동소문로20나길 32 2F,음식 종류 기타 중식,가격대 만원-2만원,2021-03-13,괜찮다,12,7.0,5.0,0.0
123,마몽함박,3.7,성북구,주소 서울특별시 성북구 보국문로 92 1F,음식 종류 스테이크 / 바베큐,가격대 만원 미만,2021-11-02,맛있다,9,7.0,1.0,1.0
124,정상호프,3.7,성북구,주소 서울특별시 성북구 개운사길 2,음식 종류 기타 양식,가격대 만원 미만,2021-05-25,괜찮다,62,40.0,19.0,3.0
125,핸썸베이글,3.7,성북구,주소 서울특별시 성북구 개운사1길 23,음식 종류 기타 양식,가격대 만원 미만,2021-04-22,맛있다,20,11.0,9.0,0.0
126,더허브,3.7,성북구,주소 서울특별시 성북구 인촌로24가길 8,음식 종류 칵테일 / 와인,0,2020-10-16,괜찮다,16,11.0,5.0,0.0
127,한잔의추억,3.7,성북구,주소 서울특별시 성북구 인촌로26길 30,음식 종류 일반 주점,가격대 만원-2만원,2022-03-08,괜찮다,24,16.0,7.0,1.0
128,커피수공업,3.7,성북구,주소 서울특별시 성북구 고려대로 51,음식 종류 카페 / 디저트,가격대 만원 미만,2022-02-16,괜찮다,14,10.0,4.0,0.0
129,영철버거,3.7,성북구,주소 서울특별시 성북구 안암로9가길 100,음식 종류 브런치 / 버거 / 샌드위치,가격대 만원 미만,2022-04-06,괜찮다,6,3.0,3.0,0.0
130,퍼틴,3.7,성북구,주소 서울특별시 성북구 동소문로 315 현대백화점 미아점 9F,음식 종류 베트남 음식,가격대 만원-2만원,2022-05-31,괜찮다,5,4.0,1.0,0.0
131,윤휘식당,3.6,성북구,주소 서울특별시 성북구 보문로34길 70,음식 종류 정통 일식 / 일반 일식,가격대 만원-2만원,2022-01-31,맛있다,109,60.0,32.0,17.0
132,알렉스더커피,3.6,성북구,주소 서울특별시 성북구 성북로28길 9,음식 종류 카페 / 디저트,가격대 만원 미만,2022-06-20,괜찮다,46,29.0,16.0,1.0
133,오박사네왕돈가스,3.6,성북구,주소 서울특별시 성북구 혜화로 80,음식 종류 기타 한식,가격대 만원 미만,2022-06-24,맛있다,27,10.0,13.0,4.0
134,유자유김치떡볶이,3.6,성북구,주소 서울특별시 성북구 인촌로24길 47,음식 종류 기타 한식,가격대 만원 미만,2022-07-14,맛있다,81,37.0,30.0,14.0
135,가부,3.6,성북구,주소 서울특별시 성북구 보문로 182 1F,음식 종류 정통 중식 / 일반 중식,가격대 만원 미만,2020-08-30,괜찮다,14,8.0,5.0,1.0
136,어스핸드위치,3.6,성북구,주소 서울특별시 성북구 동소문로22길 60 2F,음식 종류 카페 / 디저트,가격대 만원 미만,2021-10-14,맛있다,22,16.0,5.0,1.0
137,네임드에스프레소,3.6,성북구,주소 서울특별시 성북구 성북로6길 2-2,음식 종류 카페 / 디저트,가격대 만원 미만,2022-07-24,괜찮다,23,10.0,5.0,8.0
138,성북동 이안,3.6,성북구,주소 서울특별시 성북구 성북로5길 29-19 1F,음식 종류 이탈리안,가격대 만원-2만원,2022-07-29,괜찮다,10,5.0,4.0,1.0
139,투고샐러드,3.6,성북구,주소 서울특별시 성북구 보문로30나길 36,음식 종류 기타 양식,가격대 만원 미만,2021-01-31,맛있다,30,19.0,11.0,0.0
140,몰리다.,3.6,성북구,주소 서울특별시 성북구 혜화로 88,음식 종류 카페 / 디저트,가격대 만원 미만,2021-10-15,괜찮다,17,9.0,6.0,2.0
141,마이란,3.6,성북구,주소 서울특별시 성북구 동소문로22길 33-9 1F,음식 종류 퓨전 양식,가격대 만원 미만,2021-10-13,별로,12,9.0,2.0,1.0
142,모이리타,3.6,성북구,주소 서울특별시 성북구 인촌로24길 20 2F,음식 종류 이탈리안,가격대 만원-2만원,2021-10-16,괜찮다,30,19.0,6.0,5.0
143,더베리와플,3.6,성북구,주소 서울특별시 성북구 개운사길 22-5,가격대 만원 미만,주차 주차공간없음,2022-06-08,괜찮다,40,28.0,11.0,1.0
144,더보일,3.6,성북구,주소 서울특별시 성북구 고려대로28길 17-3 해랑빌딩 1F,음식 종류 카페 / 디저트,가격대 만원 미만,2022-04-27,맛있다,5,2.0,3.0,0.0
145,기차순대국,3.6,성북구,주소 서울특별시 성북구 보국문로11길 18-6,음식 종류 탕 / 찌개 / 전골,0,2021-08-22,맛있다,10,6.0,4.0,0.0
146,석관시장떡볶이,3.6,성북구,주소 서울특별시 성북구 돌곶이로18길 27-9,음식 종류 기타 한식,가격대 만원 미만,2022-02-23,맛있다,16,11.0,3.0,2.0
147,서울쌈냉면,3.6,성북구,주소 서울특별시 성북구 개운사길 21-4,음식 종류 국수 / 면 요리,가격대 만원 미만,2022-07-22,괜찮다,25,14.0,6.0,5.0
148,비야,3.6,성북구,주소 서울특별시 성북구 개운사길 22-3 1F,음식 종류 탕 / 찌개 / 전골,가격대 만원 미만,2022-07-22,맛있다,26,6.0,17.0,3.0
149,무르무르드구스토,3.5,성북구,주소 서울특별시 성북구 고려대로 102-2 4F,음식 종류 이탈리안,가격대 2만원-3만원,2021-10-16,괜찮다,64,33.0,20.0,11.0
150,김태완의 초밥좋은날,3.5,성북구,주소 서울특별시 성북구 동소문로20길 32,음식 종류 회 / 스시,가격대 만원-2만원,2021-06-13,괜찮다,44,27.0,13.0,4.0
151,놈 (휴업중),3.5,성북구,주소 서울특별시 성북구 보문로30길 81,음식 종류 기타 양식,가격대 만원-2만원,2019-10-16,괜찮다,54,26.0,24.0,4.0
152,삼통치킨,3.5,성북구,주소 서울특별시 성북구 인촌로24길 60,음식 종류 닭 / 오리 요리,가격대 만원 미만,2022-04-04,괜찮다,51,21.0,24.0,6.0
153,이웃집라자냐,3.5,성북구,주소 서울특별시 성북구 오패산로 23,음식 종류 이탈리안,가격대 만원 미만,2022-03-13,괜찮다,7,3.0,3.0,1.0
154,어셈블리,3.5,성북구,주소 서울특별시 성북구 동소문로 93-9 1F,음식 종류 카페 / 디저트,가격대 만원 미만,2022-07-14,맛있다,12,11.0,1.0,0.0
155,매스플레이트,3.5,성북구,주소 서울특별시 성북구 개운사길 18 2F,음식 종류 이탈리안,가격대 만원-2만원,2022-03-08,괜찮다,33,16.0,12.0,5.0
156,조비스그릴,3.5,성북구,주소 서울특별시 성북구 성북로 110,음식 종류 다국적 아시아 음식,가격대 만원-2만원,2022-05-25,괜찮다,7,3.0,2.0,2.0
157,창신동매운족발,3.5,성북구,주소 서울특별시 성북구 한천로78길 52,음식 종류 고기 요리,가격대 2만원-3만원,2022-02-26,괜찮다,14,8.0,4.0,2.0
158,일일커피,3.5,성북구,주소 서울특별시 성북구 삼양로 27,음식 종류 카페 / 디저트,가격대 만원 미만,2022-02-27,괜찮다,8,4.0,4.0,0.0
159,치즈를사랑한찜닭,3.5,성북구,주소 서울특별시 성북구 개운사길 21-3 2F,음식 종류 닭 / 오리 요리,가격대 만원 미만,2022-03-08,괜찮다,10,4.0,6.0,0.0
160,문화식당,3.4,성북구,주소 서울특별시 성북구 보문로30나길 37,음식 종류 일반 주점,가격대 만원-2만원,2022-01-22,맛있다,73,38.0,28.0,7.0
161,금왕돈까스,3.4,성북구,주소 서울특별시 성북구 성북로 138,음식 종류 기타 한식,가격대 만원 미만,2022-06-30,별로,42,12.0,22.0,8.0
162,카페 까쉬,3.4,성북구,주소 서울특별시 성북구 보문로34길 72-5,가격대 만원 미만,영업시간 11:00 - 22:00,2020-08-30,괜찮다,23,15.0,4.0,4.0
163,베나레스,3.4,성북구,주소 서울특별시 성북구 인촌로24길 27,음식 종류 인도 음식,가격대 만원 미만,2021-08-08,괜찮다,82,33.0,42.0,7.0
164,갱상도갱양식,3.4,성북구,주소 서울특별시 성북구 보문로34길 68-6,가격대 만원-2만원,주차 주차공간없음,2021-06-04,별로,26,14.0,6.0,6.0
165,프로젝트얼스,3.4,성북구,주소 서울특별시 성북구 성북로15길 21,음식 종류 카페 / 디저트,가격대 만원 미만,2022-05-03,괜찮다,13,9.0,4.0,0.0
166,쿠이도라쿠라멘,3.4,성북구,주소 서울특별시 성북구 안암로 103,음식 종류 라멘 / 소바 / 우동,가격대 만원 미만,2019-10-16,괜찮다,76,47.0,18.0,11.0
167,옛날중국집,3.4,성북구,주소 서울특별시 성북구 성북로8길 8,음식 종류 정통 중식 / 일반 중식,가격대 만원 미만,2021-08-24,맛있다,25,13.0,3.0,9.0
168,로맨틱식탁,3.4,성북구,주소 서울특별시 성북구 보문로34길 45,음식 종류 일반 주점,가격대 2만원-3만원,2022-03-29,괜찮다,18,9.0,4.0,5.0
169,마이셰프,3.4,성북구,주소 서울특별시 성북구 인촌로24가길 14-1,음식 종류 기타 양식,가격대 만원-2만원,2022-02-15,괜찮다,14,9.0,4.0,1.0
170,도쿄커틀릿,3.4,성북구,주소 서울특별시 성북구 동소문로22길 57-1,음식 종류 까스 요리,가격대 만원 미만,2021-06-11,괜찮다,24,10.0,11.0,3.0
171,피알디,3.4,성북구,주소 서울특별시 성북구 동소문로25길 9 휴림빌딩 1F,음식 종류 카페 / 디저트,가격대 만원 미만,2021-06-18,맛있다,8,2.0,6.0,0.0
172,마늘과올리브,3.4,성북구,주소 서울특별시 성북구 동소문로22길 29 2F,음식 종류 기타 양식,가격대 만원-2만원,2021-12-08,괜찮다,47,18.0,24.0,5.0
173,대한맥주집,3.4,성북구,주소 서울특별시 성북구 동소문로24길 49,음식 종류 치킨 / 호프 / 펍,가격대 만원-2만원,3 일 전,괜찮다,8,4.0,3.0,1.0
174,성북동 빵공장,3.3,성북구,주소 서울특별시 성북구 대사관로 40,음식 종류 카페 / 디저트,가격대 만원 미만,2022-05-25,맛있다,40,13.0,15.0,12.0
175,쌍다리돼지불백,3.3,성북구,주소 서울특별시 성북구 성북로23길 4,음식 종류 한정식 / 백반 / 정통 한식,가격대 만원 미만,2022-08-07,괜찮다,33,11.0,19.0,3.0
176,오후홍콩,3.3,성북구,주소 서울특별시 성북구 동소문로24가길 16,음식 종류 카페 / 디저트,가격대 만원 미만,2020-11-11,괜찮다,11,3.0,8.0,0.0
177,추억의 옛날떡볶이,3.3,성북구,주소 서울특별시 성북구 동소문로22길 39-5,음식 종류 기타 한식,가격대 만원 미만,2021-10-08,별로,31,16.0,9.0,6.0
178,소테,3.3,성북구,주소 서울특별시 성북구 보문로30길 77,음식 종류 이탈리안,가격대 만원-2만원,2022-07-29,별로,32,10.0,18.0,4.0
179,등촌샤브칼국수,3.3,성북구,주소 서울특별시 성북구 개운사길 11,음식 종류 탕 / 찌개 / 전골,가격대 만원-2만원,2022-03-08,맛있다,24,7.0,14.0,3.0
180,미아리우동집,3.3,성북구,주소 서울특별시 성북구 종암로 178,음식 종류 라멘 / 소바 / 우동,가격대 만원 미만,6 일 전,괜찮다,12,6.0,5.0,1.0
181,성북동디너쑈,3.2,성북구,주소 서울특별시 성북구 창경궁로43길 6,음식 종류 퓨전 한식,가격대 2만원-3만원,2022-02-28,괜찮다,22,9.0,7.0,6.0
182,동경산책,3.2,성북구,주소 서울특별시 성북구 보문로34길 45,음식 종류 회 / 스시,가격대 만원-2만원,2022-04-13,별로,33,18.0,12.0,3.0
183,벤베누토,3.2,성북구,주소 서울특별시 성북구 동소문로20나길 39,음식 종류 이탈리안,가격대 만원-2만원,2022-08-10,괜찮다,15,9.0,4.0,2.0
184,스시산,3.2,성북구,주소 서울특별시 성북구 성북로 19,음식 종류 회 / 스시,가격대 2만원-3만원,2021-10-18,별로,16,8.0,3.0,5.0
185,백소정,3.2,성북구,주소 서울특별시 성북구 개운사길 30 2F,음식 종류 정통 일식 / 일반 일식,가격대 만원 미만,2022-03-08,괜찮다,12,6.0,6.0,0.0
186,이름없는파스타,3.2,성북구,주소 서울특별시 성북구 동소문로20다길 33,음식 종류 기타 양식,가격대 만원 미만,2022-03-06,별로,12,4.0,6.0,2.0
187,온달왕돈까스,3.1,성북구,주소 서울특별시 성북구 동소문로20가길 4,음식 종류 기타 한식,가격대 만원 미만,2021-07-09,괜찮다,23,4.0,12.0,7.0
188,상미규카츠,3.1,성북구,주소 서울특별시 성북구 동소문로20길 39,음식 종류 정통 일식 / 일반 일식,가격대 만원 미만,2022-03-29,별로,17,6.0,2.0,9.0
189,김만희분식,2.8,성북구,주소 서울특별시 성북구 오패산로4길 39,음식 종류 기타 한식,가격대 만원 미만,23 시간 전,맛있다,22,14.0,0.0,8.0
190,봉파레트,,성북구,주소 서울특별시 성북구 창경궁로43길 14,음식 종류 세계음식 기타,가격대 만원-2만원,2019-10-15,별로,14,8.0,4.0,2.0
191,이립스,4.6,성북구,주소 서울특별시 성북구 인촌로7길 84-7,음식 종류 카페 / 디저트,가격대 만원 미만,2021-11-20,맛있다,11,11.0,0.0,0.0
192,소마,,성북구,주소 서울특별시 성북구 성북로 89-1 1F,음식 종류 카페 / 디저트,가격대 만원 미만,2019-07-03,괜찮다,5,3.0,1.0,1.0
193,카페잇,,성북구,주소 서울특별시 성북구 장월로1길 66,음식 종류 카페 / 디저트,가격대 만원 미만,2017-08-27,별로,4,2.0,0.0,2.0
194,숙수도가,,성북구,주소 서울특별시 성북구 동소문로17길 28,음식 종류 고기 요리,가격대 3만원-4만원,2022-08-05,괜찮다,4,3.0,1.0,0.0
195,포앤시드니,,성북구,주소 서울특별시 성북구 보문로34길 77 201호,음식 종류 베트남 음식,가격대 만원 미만,2021-06-06,맛있다,14,6.0,7.0,1.0
196,손가네,,성북구,주소 서울특별시 성북구 성북로15길 8,음식 종류 탕 / 찌개 / 전골,가격대 만원 미만,2022-08-03,맛있다,12,6.0,5.0,1.0
197,Red불닭발,,성북구,주소 서울특별시 성북구 한천로76다길 35 1F,음식 종류 닭 / 오리 요리,가격대 만원-2만원,0,0,0,,,
198,이태리총각,,성북구,주소 서울특별시 성북구 고려대로5길 85,음식 종류 이탈리안,가격대 2만원-3만원,2020-07-08,괜찮다,16,10.0,5.0,1.0
199,당신의나의케이크,,성북구,주소 서울특별시 성북구 보문로32길 96,음식 종류 카페 / 디저트,가격대 만원 미만,2018-12-13,괜찮다,12,7.0,3.0,2.0
200,시키카츠,4.7,동대문구,주소 서울특별시 동대문구 회기로 110,음식 종류 까스 요리,가격대 만원-2만원,2022-07-26,맛있다,65,54.0,9.0,2.0
201,King수제만두,4.5,동대문구,주소 서울특별시 동대문구 한빛로 3,음식 종류 딤섬 / 만두,가격대 만원 미만,2022-08-05,괜찮다,66,50.0,13.0,3.0
202,육전식당,4.4,동대문구,주소 서울특별시 동대문구 난계로30길 16,음식 종류 고기 요리,가격대 만원-2만원,2022-08-01,맛있다,196,166.0,26.0,4.0
203,어머니대성집,4.4,동대문구,주소 서울특별시 동대문구 왕산로11길 4,음식 종류 탕 / 찌개 / 전골,가격대 만원 미만,2022-07-25,맛있다,145,118.0,16.0,11.0
204,나정순할매쭈꾸미,4.4,동대문구,주소 서울특별시 동대문구 무학로 144,음식 종류 해산물 요리,가격대 만원-2만원,2022-07-31,맛있다,120,105.0,9.0,6.0
205,슈퍼내추럴,4.4,동대문구,주소 서울특별시 동대문구 전농로23길 78 1F,음식 종류 카페 / 디저트,가격대 만원 미만,2022-04-24,맛있다,7,7.0,0.0,0.0
206,연어이야기,4.4,동대문구,주소 서울특별시 동대문구 고산자로 528-1,음식 종류 회 / 스시,가격대 만원-2만원,2021-05-22,맛있다,17,16.0,0.0,1.0
207,스시코야,4.3,동대문구,주소 서울특별시 동대문구 황물로 42 1F,음식 종류 회 / 스시,가격대 2만원-3만원,1 일 전,맛있다,11,9.0,2.0,0.0
208,즐거운맛돈까스,4.3,동대문구,주소 서울특별시 동대문구 왕산로 15-1 2F,음식 종류 까스 요리,가격대 만원-2만원,2022-07-07,맛있다,60,41.0,9.0,10.0
209,홍릉각,4.3,동대문구,주소 서울특별시 동대문구 약령시로 90,음식 종류 정통 중식 / 일반 중식,가격대 만원 미만,2022-08-03,맛있다,38,31.0,2.0,5.0
210,골목길빵공작소,4.3,동대문구,주소 서울특별시 동대문구 답십리로60길 112 1F,음식 종류 베이커리,가격대 만원 미만,2022-08-05,맛있다,16,16.0,0.0,0.0
211,와가리피순대,4.3,동대문구,주소 서울특별시 동대문구 왕산로9길 22,음식 종류 탕 / 찌개 / 전골,가격대 만원-2만원,2022-06-03,맛있다,25,18.0,7.0,0.0
212,대흥설농탕,4.3,동대문구,주소 서울특별시 동대문구 한천로 60,음식 종류 탕 / 찌개 / 전골,가격대 만원-2만원,2022-06-07,맛있다,9,8.0,1.0,0.0
213,비나,4.3,동대문구,주소 서울특별시 동대문구 안암로24길 4,음식 종류 인도 음식,가격대 만원 미만,2022-03-08,맛있다,34,30.0,3.0,1.0
214,촨커,4.3,동대문구,주소 서울특별시 동대문구 이문로9길 105,음식 종류 기타 중식,가격대 만원-2만원,2022-06-30,맛있다,30,26.0,4.0,0.0
215,도톰,4.3,동대문구,주소 서울특별시 동대문구 천호대로85길 28 1F,음식 종류 고기 요리,가격대 만원-2만원,2022-08-06,맛있다,5,4.0,1.0,0.0
216,회기왕족발보쌈,4.2,동대문구,주소 서울특별시 동대문구 회기로 158,음식 종류 고기 요리,가격대 만원-2만원,2022-07-06,괜찮다,138,96.0,28.0,14.0
217,커피그라운즈,4.2,동대문구,주소 서울특별시 동대문구 답십리로48길 57,음식 종류 카페 / 디저트,가격대 만원 미만,9 시간 전,맛있다,25,23.0,2.0,0.0
218,이문동커피집,4.2,동대문구,주소 서울특별시 동대문구 이문로25길 39 1F,음식 종류 카페 / 디저트,가격대 만원 미만,2022-06-30,맛있다,40,37.0,3.0,0.0
219,안동집손칼국시,4.2,동대문구,주소 서울특별시 동대문구 고산자로36길 3 경동시장 B1,음식 종류 국수 / 면 요리,가격대 만원 미만,2022-07-14,맛있다,11,9.0,2.0,0.0
220,답십리별미,4.2,동대문구,주소 서울특별시 동대문구 답십리로48길 98,음식 종류 한정식 / 백반 / 정통 한식,가격대 만원 미만,2022-07-30,맛있다,11,10.0,1.0,0.0
221,춘천메밀막국수,4.2,동대문구,주소 서울특별시 동대문구 고산자로38길 25,음식 종류 국수 / 면 요리,가격대 만원 미만,2022-07-28,맛있다,10,8.0,2.0,0.0
222,남원통닭,4.2,동대문구,주소 서울특별시 동대문구 제기동 635-1,음식 종류 닭 / 오리 요리,가격대 만원-2만원,2 일 전,맛있다,11,9.0,1.0,1.0
223,포레스티,4.2,동대문구,주소 서울특별시 동대문구 이문로9나길 32,음식 종류 브런치 / 버거 / 샌드위치,가격대 만원 미만,2022-07-02,맛있다,26,22.0,4.0,0.0
224,알로하올라,4.2,동대문구,주소 서울특별시 동대문구 회기로 133-1 1F,음식 종류 카페 / 디저트,가격대 만원 미만,2022-06-03,맛있다,7,6.0,1.0,0.0
225,컴플리트커피,4.1,동대문구,주소 서울특별시 동대문구 천장산로7길 19,음식 종류 카페 / 디저트,가격대 만원 미만,4 일 전,맛있다,103,83.0,16.0,4.0
226,영화장,4.1,동대문구,주소 서울특별시 동대문구 휘경로 3-8,음식 종류 정통 중식 / 일반 중식,가격대 만원 미만,2022-07-03,괜찮다,128,94.0,23.0,11.0
227,79번지국수집,4.1,동대문구,주소 서울특별시 동대문구 회기로13길 25,음식 종류 국수 / 면 요리,가격대 만원 미만,6 일 전,맛있다,39,26.0,12.0,1.0
228,백정스테이크바,4.1,동대문구,주소 서울특별시 동대문구 망우로 122-10,음식 종류 스테이크 / 바베큐,가격대 2만원-3만원,2021-05-09,맛있다,7,6.0,1.0,0.0
229,멍군집,4.1,동대문구,주소 서울특별시 동대문구 회기로 148-4,음식 종류 고기 요리,가격대 만원-2만원,2022-07-08,맛있다,19,15.0,4.0,0.0
230,이상한떡볶이집,4.1,동대문구,주소 서울특별시 동대문구 휘경로2가길 6,음식 종류 기타 양식,가격대 만원 미만,2021-12-12,맛있다,22,13.0,7.0,2.0
231,씨위드커피,4.1,동대문구,주소 서울특별시 동대문구 회기로25길 59 1F,음식 종류 카페 / 디저트,가격대 만원 미만,2022-06-09,맛있다,6,6.0,0.0,0.0
232,사골마라탕(휴업중),4.1,동대문구,주소 서울특별시 동대문구 이문로9나길 6-13,음식 종류 기타 중식,가격대 만원-2만원,2021-10-25,맛있다,14,11.0,2.0,1.0
233,그릭데이,4.1,동대문구,주소 서울특별시 동대문구 회기로23가길 22 1F,음식 종류 카페 / 디저트,가격대 만원 미만,6 시간 전,괜찮다,9,7.0,2.0,0.0
234,오소리순대,4.1,동대문구,주소 서울특별시 동대문구 회기로4길 16,음식 종류 탕 / 찌개 / 전골,가격대 만원-2만원,2022-05-22,맛있다,12,6.0,4.0,2.0
235,오관스시,4.0,동대문구,주소 서울특별시 동대문구 회기로 121,음식 종류 회 / 스시,가격대 만원-2만원,2022-06-18,맛있다,66,53.0,8.0,5.0
236,육전식당,4.0,동대문구,주소 서울특별시 동대문구 천호대로 38,음식 종류 고기 요리,가격대 만원-2만원,2022-01-30,맛있다,45,39.0,4.0,2.0
237,성천막국수,4.0,동대문구,주소 서울특별시 동대문구 전농로 48,음식 종류 국수 / 면 요리,가격대 만원 미만,2022-07-26,맛있다,43,30.0,10.0,3.0
238,스시선생,4.0,동대문구,주소 서울특별시 동대문구 경희대로4길 54,음식 종류 회 / 스시,가격대 만원-2만원,2022-04-12,맛있다,52,37.0,13.0,2.0
239,홍콩중화요리,4.0,동대문구,주소 서울특별시 동대문구 정릉천동로 107,음식 종류 정통 중식 / 일반 중식,가격대 만원 미만,2022-06-30,별로,8,6.0,1.0,1.0
240,돼랑이우랑이,4.0,동대문구,주소 서울특별시 동대문구 휘경로 31-1,음식 종류 까스 요리,가격대 만원 미만,2022-05-23,맛있다,21,14.0,7.0,0.0
241,와레와레쿡,4.0,동대문구,주소 서울특별시 동대문구 망우로21길 52 춘태빌딩 A동 101호,음식 종류 이자카야 / 오뎅 / 꼬치,가격대 2만원-3만원,2022-06-26,맛있다,15,13.0,2.0,0.0
242,서울뼈구이매운족발,4.0,동대문구,주소 서울특별시 동대문구 왕산로 274-1 1F,음식 종류 고기 요리,가격대 만원-2만원,2022-06-23,맛있다,26,18.0,7.0,1.0
243,경발원,4.0,동대문구,주소 서울특별시 동대문구 망우로21길 34,음식 종류 정통 중식 / 일반 중식,가격대 만원 미만,2021-03-22,맛있다,37,27.0,6.0,4.0
244,산해관,4.0,동대문구,주소 서울특별시 동대문구 회기로 116,음식 종류 정통 중식 / 일반 중식,가격대 만원-2만원,2022-02-10,괜찮다,10,8.0,1.0,1.0
245,양자호떡,4.0,동대문구,주소 서울특별시 동대문구 회기로 161 1F,음식 종류 카페 / 디저트,가격대 만원 미만,2022-03-08,맛있다,18,16.0,2.0,0.0
246,정편백,4.0,동대문구,주소 서울특별시 동대문구 서울시립대로12길 3,음식 종류 고기 요리,가격대 만원-2만원,2022-03-19,맛있다,15,11.0,4.0,0.0
247,팔레트,4.0,동대문구,주소 서울특별시 동대문구 경희대로4길 72 2F,음식 종류 칵테일 / 와인,가격대 2만원-3만원,2021-05-31,맛있다,14,11.0,3.0,0.0
248,레알라면,4.0,동대문구,주소 서울특별시 동대문구 회기로25길 23-5,음식 종류 국수 / 면 요리,가격대 만원 미만,2022-06-07,괜찮다,49,37.0,11.0,1.0
249,칠기마라탕,4.0,동대문구,주소 서울특별시 동대문구 제기로5길 35 1F,음식 종류 기타 중식,가격대 만원 미만,2021-10-26,맛있다,19,15.0,3.0,1.0
250,토성옥,4.0,동대문구,주소 서울특별시 동대문구 약령서길 28,음식 종류 탕 / 찌개 / 전골,가격대 만원 미만,2022-06-28,맛있다,6,5.0,1.0,0.0
251,에잇올리,4.0,동대문구,주소 서울특별시 동대문구 경희대로6길 3-2 1F,음식 종류 브런치 / 버거 / 샌드위치,가격대 만원 미만,2022-05-25,맛있다,9,8.0,1.0,0.0
252,홍도야빈대떡,4.0,동대문구,주소 서울특별시 동대문구 제기로 11-1 1F,음식 종류 한정식 / 백반 / 정통 한식,가격대 만원-2만원,2022-05-14,별로,9,7.0,1.0,1.0
253,고깃집도훈,4.0,동대문구,주소 서울특별시 동대문구 회기로21길 29,음식 종류 탕 / 찌개 / 전골,가격대 만원-2만원,2021-07-08,맛있다,10,7.0,3.0,0.0
254,회기버거,4.0,동대문구,주소 서울특별시 동대문구 이문로 46 1F,음식 종류 브런치 / 버거 / 샌드위치,가격대 만원 미만,2022-04-08,괜찮다,8,6.0,2.0,0.0
255,고래돈가스,4.0,동대문구,주소 서울특별시 동대문구 안암로 154,음식 종류 기타 한식,가격대 만원 미만,2022-04-02,맛있다,34,23.0,10.0,1.0
256,수퍼보울,4.0,동대문구,주소 서울특별시 동대문구 천장산로7길 36 1F 101호,음식 종류 세계음식 기타,가격대 만원 미만,2022-05-25,맛있다,7,5.0,2.0,0.0
257,언니네함바그,4.0,동대문구,주소 서울특별시 동대문구 회기로25길 59 1F,음식 종류 기타 일식,가격대 만원 미만,2021-07-18,맛있다,7,4.0,3.0,0.0
258,신락원,3.9,동대문구,주소 서울특별시 동대문구 전농로20길 2,음식 종류 정통 중식 / 일반 중식,가격대 만원 미만,2022-07-16,맛있다,47,39.0,6.0,2.0
259,스시고이,3.9,동대문구,주소 서울특별시 동대문구 회기로 148-5,음식 종류 회 / 스시,가격대 만원-2만원,2021-12-30,괜찮다,20,15.0,4.0,1.0
260,평양냉면,3.9,동대문구,주소 서울특별시 동대문구 홍릉로 14-3,음식 종류 국수 / 면 요리,가격대 만원 미만,2022-07-27,맛있다,40,27.0,11.0,2.0
261,봉이만두,3.9,동대문구,주소 서울특별시 동대문구 망우로21길 36 1F,음식 종류 딤섬 / 만두,가격대 만원 미만,2020-08-09,괜찮다,64,46.0,9.0,9.0
262,히노하루,3.9,동대문구,주소 서울특별시 동대문구 이문로 45,음식 종류 회 / 스시,가격대 4만원 이상,2021-12-15,괜찮다,12,5.0,7.0,0.0
263,Coffee Methodz,3.9,동대문구,주소 서울특별시 동대문구 회기로21길 34,음식 종류 카페 / 디저트,가격대 만원 미만,2022-05-04,맛있다,30,20.0,6.0,4.0
264,파델라,3.9,동대문구,주소 서울특별시 동대문구 회기로 106 1F,음식 종류 이탈리안,가격대 만원-2만원,2022-02-08,맛있다,21,13.0,6.0,2.0
265,카페 대즐링,3.9,동대문구,주소 서울특별시 동대문구 제기로2길 29,음식 종류 카페 / 디저트,가격대 만원 미만,2021-10-19,맛있다,31,23.0,8.0,0.0
266,백수씨심야식당,3.9,동대문구,주소 서울특별시 동대문구 경희대로1길 8-15,음식 종류 일반 주점,가격대 만원-2만원,2022-07-31,맛있다,42,32.0,8.0,2.0
267,은하곱창,3.9,동대문구,주소 서울특별시 동대문구 전농로15길 22,음식 종류 고기 요리,가격대 만원-2만원,2022-07-05,맛있다,46,29.0,10.0,7.0
268,혜성칼국수,3.9,동대문구,주소 서울특별시 동대문구 왕산로 247-1,음식 종류 국수 / 면 요리,가격대 만원 미만,2022-07-08,맛있다,50,29.0,14.0,7.0
269,치맥파이브,3.9,동대문구,주소 서울특별시 동대문구 회기로21길 8-6 1F,음식 종류 치킨 / 호프 / 펍,가격대 만원-2만원,2021-10-02,맛있다,21,17.0,3.0,1.0
270,미뇽,3.9,동대문구,주소 서울특별시 동대문구 제기로2길 4 2F,음식 종류 브런치 / 버거 / 샌드위치,가격대 만원-2만원,2021-10-22,별로,12,8.0,2.0,2.0
271,고향집,3.9,동대문구,주소 서울특별시 동대문구 왕산로37길 7,음식 종류 탕 / 찌개 / 전골,가격대 만원 미만,6 일 전,맛있다,14,12.0,1.0,1.0
272,아임파이,3.9,동대문구,주소 서울특별시 동대문구 휘경로2길 35,음식 종류 카페 / 디저트,가격대 만원 미만,2022-03-09,맛있다,19,15.0,3.0,1.0
273,카페파인,3.9,동대문구,주소 서울특별시 동대문구 안암로22길 15 1F,음식 종류 카페 / 디저트,가격대 만원 미만,2022-03-07,괜찮다,10,6.0,4.0,0.0
274,놀부만두,3.9,동대문구,주소 서울특별시 동대문구 망우로16길 15,음식 종류 기타 한식,주차 주차공간없음,2022-06-18,괜찮다,12,9.0,2.0,1.0
275,Mods Place,3.9,동대문구,주소 서울특별시 동대문구 경희대로3길 11,음식 종류 카페 / 디저트,가격대 만원 미만,1 일 전,별로,8,6.0,1.0,1.0
276,여기가좋겠네,3.8,동대문구,주소 서울특별시 동대문구 회기로19길 18,음식 종류 닭 / 오리 요리,가격대 만원 미만,2021-11-25,맛있다,64,39.0,21.0,4.0
277,감초식당,3.8,동대문구,주소 서울특별시 동대문구 약령서길 28 1F,음식 종류 고기 요리,가격대 만원-2만원,2022-07-05,맛있다,21,16.0,3.0,2.0
278,본가할머니보쌈,3.8,동대문구,주소 서울특별시 동대문구 휘경로 6-7,음식 종류 고기 요리,가격대 만원 미만,2021-08-30,괜찮다,30,18.0,9.0,3.0
279,메이크샐러드,3.8,동대문구,주소 서울특별시 동대문구 휘경로2길 16 1F,음식 종류 기타 양식,가격대 만원 미만,2021-03-23,괜찮다,16,10.0,6.0,0.0
280,와요,3.8,동대문구,주소 서울특별시 동대문구 경희대로4길 7,음식 종류 카페 / 디저트,가격대 만원 미만,2021-03-28,맛있다,37,29.0,6.0,2.0
281,커피디엔에이로스팅컴퍼니,3.8,동대문구,주소 서울특별시 동대문구 천장산로4길 48 1F,음식 종류 카페 / 디저트,가격대 만원 미만,2020-08-28,괜찮다,39,34.0,4.0,1.0
282,코코니주방,3.8,동대문구,주소 서울특별시 동대문구 이문로 112 2F,음식 종류 기타 일식,가격대 만원 미만,2022-03-12,괜찮다,13,8.0,5.0,0.0
283,메모아르,3.8,동대문구,주소 서울특별시 동대문구 회기로 156 2F,음식 종류 베이커리,가격대 만원 미만,2022-05-24,맛있다,6,3.0,3.0,0.0
284,홍능족발,3.8,동대문구,주소 서울특별시 동대문구 홍릉로 20,음식 종류 고기 요리,가격대 만원-2만원,2022-02-28,맛있다,15,9.0,5.0,1.0
285,베이크어데이,3.8,동대문구,주소 서울특별시 동대문구 휘경로 3-13 윤산빌딩 1F,가격대 만원 미만,웹 사이트 식당 홈페이지로 가기,2020-10-26,괜찮다,11,8.0,3.0,0.0
286,용두동쭈꾸미,3.8,동대문구,주소 서울특별시 동대문구 무학로36길 10,음식 종류 해산물 요리,가격대 만원-2만원,2022-05-11,맛있다,10,5.0,4.0,1.0
287,솔낭구,3.8,동대문구,주소 서울특별시 동대문구 회기로13길 11,음식 종류 한정식 / 백반 / 정통 한식,가격대 만원 미만,2021-12-22,괜찮다,16,12.0,4.0,0.0
288,17,3.8,동대문구,주소 서울특별시 동대문구 회기로21길 22,음식 종류 기타 양식,가격대 만원 미만,2021-12-22,괜찮다,7,4.0,3.0,0.0
289,히든트랙,3.8,동대문구,주소 서울특별시 동대문구 약령시로 6 수운빌딩,음식 종류 치킨 / 호프 / 펍,가격대 만원-2만원,2021-11-17,맛있다,24,16.0,6.0,2.0
290,19뜯고맛보고,3.8,동대문구,주소 서울특별시 동대문구 전농로 221,음식 종류 고기 요리,가격대 만원 미만,2021-04-25,별로,10,9.0,0.0,1.0
291,카페브레송,3.8,동대문구,주소 서울특별시 동대문구 안암로22길 6,음식 종류 카페 / 디저트,가격대 만원 미만,2022-03-08,맛있다,20,15.0,5.0,0.0
292,장군집,3.7,동대문구,주소 서울특별시 동대문구 회기로25길 23-5,음식 종류 고기 요리,가격대 만원-2만원,2021-02-24,맛있다,25,19.0,6.0,0.0
293,할머니냉면집,3.7,동대문구,주소 서울특별시 동대문구 왕산로37길 51,음식 종류 국수 / 면 요리,가격대 만원 미만,2021-06-12,별로,33,15.0,15.0,3.0
294,치보,3.7,동대문구,주소 서울특별시 동대문구 천장산로9길 3,음식 종류 이탈리안,가격대 만원-2만원,2021-06-26,맛있다,54,36.0,18.0,0.0
295,차칸스시,3.7,동대문구,주소 서울특별시 동대문구 회기로25길 52 1F,음식 종류 회 / 스시,가격대 만원-2만원,2022-03-25,맛있다,18,16.0,0.0,2.0
296,망우로30,3.7,동대문구,주소 서울특별시 동대문구 망우로 30-1,음식 종류 카페 / 디저트,가격대 만원 미만,2022-07-01,괜찮다,17,10.0,7.0,0.0
297,고수찜닭,3.7,동대문구,주소 서울특별시 동대문구 이문로30길 31-4,음식 종류 닭 / 오리 요리,가격대 만원-2만원,2021-06-22,괜찮다,30,18.0,11.0,1.0
298,키라쿠,3.7,동대문구,주소 서울특별시 동대문구 약령시로 5-1 1F,음식 종류 카페 / 디저트,가격대 만원 미만,2021-11-09,괜찮다,11,5.0,6.0,0.0
299,푸른하늘,3.7,동대문구,주소 서울특별시 동대문구 경희대로6길 3-4 1F,음식 종류 기타 한식,가격대 만원 미만,2022-02-09,별로,17,12.0,3.0,2.0
300,키친요로시쿠,3.7,동대문구,주소 서울특별시 동대문구 경희대로6길 4,가격대 만원 미만,0,2022-05-05,괜찮다,9,3.0,6.0,0.0
301,언차일드,3.7,동대문구,주소 서울특별시 동대문구 회기로 194,음식 종류 카페 / 디저트,가격대 만원 미만,2021-06-26,맛있다,9,4.0,5.0,0.0
302,라구퀸,3.7,동대문구,주소 서울특별시 동대문구 회기로18길 16,음식 종류 이탈리안,가격대 만원-2만원,2022-06-22,괜찮다,8,5.0,2.0,1.0
303,하마 쌀국수,3.7,동대문구,주소 서울특별시 동대문구 회기로25길 16,음식 종류 베트남 음식,가격대 만원 미만,2021-04-29,괜찮다,7,3.0,4.0,0.0
304,카페양귀비,3.6,동대문구,주소 서울특별시 동대문구 이문로9길 8,음식 종류 카페 / 디저트,가격대 만원 미만,2021-09-16,맛있다,33,21.0,9.0,3.0
305,물고기,3.6,동대문구,주소 서울특별시 동대문구 이문로25길 36,음식 종류 기타 한식,가격대 만원 미만,2022-03-24,별로,36,25.0,5.0,6.0
306,비하인드미,3.6,동대문구,주소 서울특별시 동대문구 회기로 125,음식 종류 카페 / 디저트,가격대 만원 미만,2022-02-04,맛있다,27,14.0,12.0,1.0
307,장안정,3.6,동대문구,주소 서울특별시 동대문구 답십리로 314,음식 종류 탕 / 찌개 / 전골,가격대 만원 미만,2021-10-18,맛있다,31,16.0,9.0,6.0
308,컴투레스트,3.6,동대문구,주소 서울특별시 동대문구 회기로 161-11,음식 종류 카페 / 디저트,가격대 만원 미만,2021-12-22,괜찮다,27,16.0,8.0,3.0
309,일미간장게장,3.6,동대문구,주소 서울특별시 동대문구 장한로24길 7,음식 종류 한정식 / 백반 / 정통 한식,가격대 2만원-3만원,2022-05-13,괜찮다,35,20.0,7.0,8.0
310,식닷컴,3.6,동대문구,주소 서울특별시 동대문구 천장산로4길 8,음식 종류 정통 중식 / 일반 중식,가격대 만원 미만,2022-08-01,괜찮다,21,13.0,7.0,1.0
311,8 Street,3.6,동대문구,주소 서울특별시 동대문구 경희대로3길 8,음식 종류 카페 / 디저트,가격대 만원 미만,2022-03-21,맛있다,36,14.0,22.0,0.0
312,동경통닭,3.6,동대문구,주소 서울특별시 동대문구 왕산로35길 24 청량리전통시장,음식 종류 닭 / 오리 요리,가격대 만원-2만원,2022-07-21,별로,20,14.0,2.0,4.0
313,마루기,3.6,동대문구,주소 서울특별시 동대문구 이문로28길 16,음식 종류 라멘 / 소바 / 우동,가격대 만원 미만,2021-09-25,맛있다,36,23.0,11.0,2.0
314,미연마라탕,3.6,동대문구,주소 서울특별시 동대문구 경희대로1가길 4,음식 종류 기타 중식,가격대 만원 미만,2021-05-08,별로,17,9.0,4.0,4.0
315,39돈가스,3.6,동대문구,주소 서울특별시 동대문구 휘경로2길 5-2,음식 종류 기타 한식,가격대 만원 미만,2022-06-17,맛있다,17,9.0,6.0,2.0
316,노천파전,3.6,동대문구,주소 서울특별시 동대문구 회기로28길 3,음식 종류 전통 주점 / 포차,0,2022-05-08,맛있다,7,4.0,2.0,1.0
317,깐띤,3.6,동대문구,주소 서울특별시 동대문구 이문로28길 9 2F,음식 종류 베트남 음식,가격대 만원 미만,2022-07-06,괜찮다,11,6.0,5.0,0.0
318,이모네파전,3.5,동대문구,주소 서울특별시 동대문구 망우로1길 37,음식 종류 한정식 / 백반 / 정통 한식,가격대 만원-2만원,2022-04-14,맛있다,44,21.0,20.0,3.0
319,고소운,3.5,동대문구,주소 서울특별시 동대문구 휘경로2길 4 B1,음식 종류 카페 / 디저트,가격대 만원 미만,2021-06-20,맛있다,23,12.0,10.0,1.0
320,홍곱창,3.5,동대문구,주소 서울특별시 동대문구 회기로25길 60,음식 종류 고기 요리,가격대 2만원-3만원,2021-06-17,맛있다,49,30.0,14.0,5.0
321,코지인무르무르,3.5,동대문구,주소 서울특별시 동대문구 회기로 139 2F,음식 종류 기타 양식,가격대 만원-2만원,2022-06-26,괜찮다,10,5.0,3.0,2.0
322,제이비파스타,3.5,동대문구,주소 서울특별시 동대문구 회기로25길 18,음식 종류 기타 양식,가격대 만원-2만원,2022-03-20,맛있다,40,20.0,17.0,3.0
323,고황24시 뼈다귀해장국감자탕,3.5,동대문구,주소 서울특별시 동대문구 경희대로1길 8-16,음식 종류 탕 / 찌개 / 전골,가격대 만원 미만,2021-10-17,맛있다,40,19.0,16.0,5.0
324,고기야미안해,3.5,동대문구,주소 서울특별시 동대문구 경희대로4길 20,음식 종류 해산물 요리,가격대 만원-2만원,2021-12-30,맛있다,42,21.0,15.0,6.0
325,광주식당,3.5,동대문구,주소 서울특별시 동대문구 홍릉로1길 21-6,음식 종류 한정식 / 백반 / 정통 한식,가격대 만원 미만,2022-07-27,괜찮다,22,15.0,5.0,2.0
326,돈부리청년,3.5,동대문구,주소 서울특별시 동대문구 천장산로4길 42,음식 종류 돈부리 / 일본 카레 / 벤토,가격대 만원 미만,2021-06-19,맛있다,34,15.0,16.0,3.0
327,호랭이양식당,3.5,동대문구,주소 서울특별시 동대문구 회기로13길 24,음식 종류 이탈리안,가격대 만원-2만원,2021-04-29,괜찮다,13,6.0,7.0,0.0
328,알로카시아인더테라스,3.5,동대문구,주소 서울특별시 동대문구 회기로 111,음식 종류 카페 / 디저트,가격대 만원 미만,2021-12-22,괜찮다,9,5.0,4.0,0.0
329,시카고커리,3.5,동대문구,주소 서울특별시 동대문구 천호대로31길 23,음식 종류 인도 음식,가격대 만원 미만,2022-07-19,괜찮다,7,3.0,4.0,0.0
330,카페몰로,3.5,동대문구,주소 서울특별시 동대문구 회기로 163 1F,음식 종류 카페 / 디저트,가격대 만원 미만,2022-02-05,괜찮다,8,4.0,2.0,2.0
331,크로네,3.4,동대문구,주소 서울특별시 동대문구 경희대로 17,음식 종류 베이커리,가격대 만원 미만,2021-12-27,괜찮다,27,15.0,10.0,2.0
332,기석일호,3.4,동대문구,주소 서울특별시 동대문구 이문로17길 39,음식 종류 돈부리 / 일본 카레 / 벤토,가격대 만원 미만,2021-03-21,별로,16,12.0,2.0,2.0
333,도란도란야채곱창,3.4,동대문구,주소 서울특별시 동대문구 휘경로2길 5-7,음식 종류 고기 요리,가격대 만원 미만,2021-05-07,맛있다,26,11.0,10.0,5.0
334,일곱평,3.4,동대문구,주소 서울특별시 동대문구 제기로5길 28,음식 종류 브런치 / 버거 / 샌드위치,가격대 만원-2만원,2022-05-28,괜찮다,14,6.0,6.0,2.0
335,독,3.4,동대문구,주소 서울특별시 동대문구 왕산로 278-1,음식 종류 고기 요리,가격대 만원 미만,2021-08-08,괜찮다,35,17.0,11.0,7.0
336,본노엘,3.4,동대문구,주소 서울특별시 동대문구 전농로 75-18,음식 종류 베이커리,가격대 만원 미만,2022-03-19,괜찮다,5,2.0,3.0,0.0
337,큐큐면관,3.4,동대문구,주소 서울특별시 동대문구 회기로 189,음식 종류 정통 중식 / 일반 중식,가격대 만원 미만,2021-01-09,괜찮다,13,6.0,6.0,1.0
338,뽀르뚜아,3.4,동대문구,주소 서울특별시 동대문구 휘경로 9,음식 종류 베이커리,가격대 만원 미만,2020-12-01,괜찮다,20,10.0,9.0,1.0
339,부산밀면냉면,3.4,동대문구,주소 서울특별시 동대문구 경희대로4길 73 1F,음식 종류 국수 / 면 요리,가격대 만원 미만,2022-06-26,괜찮다,17,10.0,4.0,3.0
340,디어테이블,3.3,동대문구,주소 서울특별시 동대문구 답십리로72길 68,음식 종류 브런치 / 버거 / 샌드위치,가격대 만원-2만원,2021-06-26,맛있다,25,17.0,2.0,6.0
341,마카나이,3.2,동대문구,주소 서울특별시 동대문구 왕산로 272,음식 종류 돈부리 / 일본 카레 / 벤토,가격대 만원 미만,2022-07-14,괜찮다,31,18.0,10.0,3.0
342,킨토토,3.1,동대문구,주소 서울특별시 동대문구 제기로5길 36 1F,음식 종류 정통 일식 / 일반 일식,가격대 만원 미만,2022-07-28,맛있다,14,13.0,1.0,0.0
343,더테이블,,동대문구,주소 서울특별시 동대문구 회기로 14 1F,음식 종류 이탈리안,가격대 3만원-4만원,2022-01-08,맛있다,15,12.0,1.0,2.0
344,리진,,동대문구,주소 서울특별시 동대문구 전농로 105 2F,음식 종류 정통 중식 / 일반 중식,가격대 만원 미만,2022-04-26,괜찮다,3,2.0,1.0,0.0
345,스시해나루,,동대문구,주소 서울특별시 동대문구 경희대로 3-1,음식 종류 회 / 스시,가격대 만원-2만원,2020-10-16,별로,30,18.0,8.0,4.0
346,완미,,동대문구,주소 서울특별시 동대문구 전농로2나길 5,음식 종류 퓨전 일식,가격대 만원-2만원,2022-04-01,맛있다,7,7.0,0.0,0.0
347,신설동 부산양곱창,,동대문구,주소 서울특별시 동대문구 보문로 12 1F,음식 종류 고기 요리,가격대 2만원-3만원,2022-01-21,맛있다,4,2.0,1.0,1.0
348,방앗간,,동대문구,주소 서울특별시 동대문구 고산자로28길 73,음식 종류 한정식 / 백반 / 정통 한식,가격대 만원 미만,2021-10-03,맛있다,16,16.0,0.0,0.0
349,베이커리제온,,동대문구,주소 서울특별시 동대문구 답십리로23길 49,가격대 만원 미만,웹 사이트 식당 홈페이지로 가기,0,0,0,,,
350,엔토츠야,,동대문구,주소 서울특별시 동대문구 한천로26길 48-12 듀펠센터 B1,음식 종류 회 / 스시,가격대 4만원 이상,2021-04-15,맛있다,4,4.0,0.0,0.0
351,허브영양족발,,동대문구,주소 서울특별시 동대문구 휘경로3길 11-2,음식 종류 고기 요리,가격대 2만원-3만원,2021-04-20,괜찮다,20,14.0,6.0,0.0
352,대영식당,,동대문구,주소 서울특별시 동대문구 장한로21길 9,음식 종류 고기 요리,0,2020-03-18,맛있다,2,2.0,0.0,0.0
353,규범곱창,,동대문구,주소 서울특별시 동대문구 회기로 156,음식 종류 고기 요리,가격대 만원-2만원,2022-06-26,괜찮다,12,10.0,2.0,0.0
354,OTR,,동대문구,주소 서울특별시 동대문구 이문로9가길 35,음식 종류 카페 / 디저트,가격대 만원 미만,2022-05-25,맛있다,4,3.0,1.0,0.0
355,루데카,,동대문구,주소 서울특별시 동대문구 경희대로4길 79 학산빌딩 1F,가격대 만원 미만,웹 사이트 식당 홈페이지로 가기,2020-10-16,맛있다,2,2.0,0.0,0.0
356,양대창구이전문점 왕십리,,동대문구,주소 서울특별시 동대문구 장한로 58 태화빌딩 1F 101호,음식 종류 고기 요리,가격대 만원-2만원,2020-04-02,맛있다,18,17.0,1.0,0.0
357,술사와,,동대문구,주소 서울특별시 동대문구 답십리로63길 66,음식 종류 해산물 요리,가격대 만원-2만원,2022-04-11,맛있다,7,7.0,0.0,0.0
358,닛시스시,,동대문구,주소 서울특별시 동대문구 신이문로 35,음식 종류 회 / 스시,가격대 만원-2만원,2021-08-30,괜찮다,7,5.0,2.0,0.0
359,열정쭈꾸미,,동대문구,주소 서울특별시 동대문구 답십리로 241,음식 종류 해산물 요리,가격대 만원-2만원,2022-05-04,별로,6,4.0,1.0,1.0
360,해뜰날,,동대문구,주소 서울특별시 동대문구 전농로4길 1 답십리 현대시장,음식 종류 고기 요리,가격대 만원-2만원,0,0,5,4.0,0.0,1.0
361,로이앤벨라,,동대문구,주소 서울특별시 동대문구 장한로26길 42,음식 종류 이탈리안,가격대 만원 미만,2019-10-13,괜찮다,5,4.0,1.0,0.0
362,곰돌이돈까스,,동대문구,주소 서울특별시 동대문구 한빛로1길 3,음식 종류 기타 한식,가격대 만원 미만,2022-03-27,맛있다,4,4.0,0.0,0.0
363,미스사이공,,동대문구,주소 서울특별시 동대문구 한빛로 1,음식 종류 베트남 음식,가격대 만원 미만,2021-04-16,별로,3,1.0,1.0,1.0
364,프리카페,,동대문구,주소 서울특별시 동대문구 답십리로48길 76 1F,음식 종류 카페 / 디저트,가격대 만원 미만,2021-07-13,맛있다,3,3.0,0.0,0.0
365,아키엠라운지,,동대문구,주소 서울특별시 동대문구 회기로8길 13 웰섬빌딩,음식 종류 스테이크 / 바베큐,가격대 만원 미만,0,0,1,0.0,1.0,0.0
366,자연밥상,,동대문구,주소 서울특별시 동대문구 천장산로 42,음식 종류 기타 한식,가격대 만원 미만,2020-01-09,맛있다,23,18.0,3.0,2.0
367,커피디셈버,,동대문구,주소 서울특별시 동대문구 왕산로 72 한양아이클래스 102호,음식 종류 카페 / 디저트,가격대 만원 미만,2019-06-10,맛있다,2,2.0,0.0,0.0
368,형제집,,동대문구,주소 서울특별시 동대문구 제기로6길 14-2,음식 종류 닭 / 오리 요리,가격대 만원-2만원,2022-05-23,별로,20,9.0,8.0,3.0
369,동해루,,동대문구,주소 서울특별시 동대문구 전농로 235,음식 종류 정통 중식 / 일반 중식,가격대 만원 미만,2020-10-12,별로,4,2.0,1.0,1.0
370,영천선비,,동대문구,주소 서울특별시 동대문구 회기로 137 1F,음식 종류 고기 요리,가격대 만원-2만원,2022-05-17,별로,2,1.0,0.0,1.0
371,아워웨이브,,동대문구,주소 서울특별시 동대문구 서울시립대로 70-1 B1,음식 종류 카페 / 디저트,가격대 만원 미만,2022-02-04,맛있다,4,4.0,0.0,0.0
372,마루샤브,,동대문구,주소 서울특별시 동대문구 왕산로 61 한일빌딩 1F,음식 종류 탕 / 찌개 / 전골,가격대 만원-2만원,2016-06-30,맛있다,4,4.0,0.0,0.0
373,팬스테이크키친,,동대문구,주소 서울특별시 동대문구 왕산로 200 롯데백화점 청량리점 7F,음식 종류 스테이크 / 바베큐,가격대 만원-2만원,0,0,13,11.0,0.0,2.0
374,커피나인,,동대문구,주소 서울특별시 동대문구 답십리로 68 1F,음식 종류 카페 / 디저트,가격대 만원 미만,2022-07-30,괜찮다,14,11.0,3.0,0.0
375,빈칸,,동대문구,주소 서울특별시 동대문구 망우로21길 63,음식 종류 카페 / 디저트,가격대 만원 미만,2022-06-26,괜찮다,10,6.0,4.0,0.0
376,베러댄,,동대문구,주소 서울특별시 동대문구 망우로 34,가격대 만원 미만,0,2020-09-02,맛있다,6,1.0,4.0,1.0
377,장안면옥,4.2,동대문구,주소 서울특별시 동대문구 사가정로 258,음식 종류 국수 / 면 요리,가격대 만원 미만,2021-12-02,괜찮다,5,4.0,1.0,0.0
378,르안타이,4.3,동대문구,주소 서울특별시 동대문구 휘경로2길 40,음식 종류 태국 음식,가격대 만원 미만,2022-01-25,맛있다,19,13.0,6.0,0.0
379,주수사,,동대문구,주소 서울특별시 동대문구 이문로17길 4,음식 종류 회 / 스시,가격대 만원-2만원,2021-08-30,괜찮다,15,10.0,2.0,3.0
380,아라기,,동대문구,주소 서울특별시 동대문구 고미술로 71,음식 종류 베트남 음식,가격대 만원 미만,2021-09-23,맛있다,8,5.0,3.0,0.0
381,일광쪽갈비,,동대문구,주소 서울특별시 동대문구 전농로 48,음식 종류 고기 요리,가격대 만원 미만,2021-05-12,맛있다,9,5.0,2.0,2.0
382,화덕고,,동대문구,주소 서울특별시 동대문구 이문로 88-13,음식 종류 고기 요리,가격대 만원-2만원,2021-08-26,맛있다,6,4.0,2.0,0.0
383,장안설렁탕,,동대문구,주소 서울특별시 동대문구 천호대로89길 3,음식 종류 탕 / 찌개 / 전골,가격대 만원 미만,2020-02-01,맛있다,3,2.0,0.0,1.0
384,포보,4.2,동대문구,주소 서울특별시 동대문구 경희대로 19,음식 종류 베트남 음식,가격대 만원 미만,2021-04-29,맛있다,18,13.0,4.0,1.0
385,늘봄 해물찜 & 손칼국수,,동대문구,주소 서울특별시 동대문구 전농로 39,음식 종류 해산물 요리,가격대 2만원-3만원,2021-10-24,괜찮다,12,5.0,4.0,3.0
386,카페림,,동대문구,주소 서울특별시 동대문구 천호대로27길 8-2,음식 종류 카페 / 디저트,가격대 만원 미만,2020-04-22,괜찮다,5,2.0,2.0,1.0
387,비바라비다,,동대문구,주소 서울특별시 동대문구 천호대로81길 32 1F,음식 종류 카페 / 디저트,가격대 만원 미만,2020-04-25,맛있다,4,3.0,1.0,0.0
388,BK볏짚직화구이,,동대문구,주소 서울특별시 동대문구 장한로26가길 29 1F,음식 종류 고기 요리,가격대 만원-2만원,2022-06-30,맛있다,4,2.0,1.0,1.0
389,더크림,,동대문구,주소 서울특별시 동대문구 장한로28길 18 1F,음식 종류 카페 / 디저트,가격대 만원 미만,2022-04-10,맛있다,4,4.0,0.0,0.0
390,경북손칼국수,,동대문구,주소 서울특별시 동대문구 왕산로41길 4,음식 종류 국수 / 면 요리,가격대 만원 미만,6 일 전,맛있다,3,2.0,1.0,0.0
391,우마스시,,동대문구,주소 서울특별시 동대문구 전농로 96-1,음식 종류 회 / 스시,가격대 만원-2만원,2021-11-30,맛있다,14,10.0,2.0,2.0
392,등촌샤브칼국수,,동대문구,주소 서울특별시 동대문구 회기로21길 38,음식 종류 탕 / 찌개 / 전골,가격대 만원-2만원,2021-06-12,맛있다,16,5.0,10.0,1.0
393,꽃갈피,,동대문구,주소 서울특별시 동대문구 망우로18가길 36,음식 종류 카페 / 디저트,가격대 만원 미만,2021-12-21,맛있다,12,11.0,1.0,0.0
394,모두랑,,동대문구,주소 서울특별시 동대문구 회기로23가길 20,음식 종류 기타 한식,가격대 만원 미만,2021-12-22,별로,7,3.0,3.0,1.0
395,항방양육관,,동대문구,주소 서울특별시 동대문구 천호대로85길 21-1,음식 종류 기타 중식,가격대 만원-2만원,2020-09-25,괜찮다,6,3.0,3.0,0.0
396,튠업,,동대문구,주소 서울특별시 동대문구 이문로9길 46,음식 종류 카페 / 디저트,가격대 만원 미만,2021-05-13,괜찮다,4,3.0,1.0,0.0
397,빈이네곱창,,동대문구,주소 서울특별시 동대문구 하정로3길 6,음식 종류 고기 요리,가격대 만원 미만,0,0,2,2.0,0.0,0.0
398,원더월커피로스터스,,동대문구,주소 서울특별시 동대문구 답십리로 80 1F,음식 종류 카페 / 디저트,가격대 만원 미만,2020-12-19,맛있다,2,2.0,0.0,0.0
399,인우초밥,,동대문구,주소 서울특별시 동대문구 한천로11길 61-5,음식 종류 회 / 스시,가격대 만원-2만원,2019-09-27,맛있다,9,7.0,1.0,1.0
400,티하우스나니,4.3,중랑구,주소 서울특별시 중랑구 용마산로117길 26 102호,음식 종류 카페 / 디저트,가격대 만원 미만,2022-02-21,맛있다,20,20.0,0.0,0.0
401,용마해장국,4.3,중랑구,주소 서울특별시 중랑구 용마공원로5길 8,음식 종류 탕 / 찌개 / 전골,가격대 만원 미만,2022-05-05,맛있다,11,11.0,0.0,0.0
402,면동떡볶이,4.1,중랑구,주소 서울특별시 중랑구 면목로57길 33 1F,음식 종류 기타 한식,가격대 만원 미만,2022-04-29,별로,12,9.0,2.0,1.0
403,함평국밥,4.1,중랑구,주소 서울특별시 중랑구 봉우재로33길 73,음식 종류 고기 요리,가격대 만원 미만,2022-08-05,맛있다,8,7.0,0.0,1.0
404,가고파설렁탕,3.9,중랑구,주소 서울특별시 중랑구 봉우재로 200,음식 종류 탕 / 찌개 / 전골,0,2021-07-02,맛있다,6,3.0,3.0,0.0
405,울타리철판곱창전문,3.9,중랑구,주소 서울특별시 중랑구 중랑역로 14-1,음식 종류 고기 요리,가격대 만원 미만,2021-09-23,괜찮다,14,10.0,4.0,0.0
406,한참치,3.7,중랑구,주소 서울특별시 중랑구 공릉로 32 공감대아파트 상가 1F,음식 종류 회 / 스시,가격대 3만원-4만원,2022-07-02,괜찮다,19,12.0,4.0,3.0
407,홍이네떡볶이,3.5,중랑구,주소 서울특별시 중랑구 망우로73길 26,음식 종류 기타 한식,가격대 만원 미만,2022-01-05,맛있다,21,12.0,3.0,6.0
408,파크더블유,3.3,중랑구,주소 서울특별시 중랑구 양원역로16길 103-111,음식 종류 카페 / 디저트,가격대 만원 미만,2022-05-30,별로,10,5.0,4.0,1.0
409,어글리스토브,3.1,중랑구,주소 서울특별시 중랑구 상봉로 131,음식 종류 브런치 / 버거 / 샌드위치,가격대 만원-2만원,2022-06-03,맛있다,21,7.0,8.0,6.0
410,낙원복떡집,,중랑구,주소 서울특별시 중랑구 봉우재로14길 20,음식 종류 카페 / 디저트,가격대 만원 미만,0,0,4,4.0,0.0,0.0
411,M16멀티펍,,중랑구,주소 서울특별시 중랑구 면목로 289 1F,음식 종류 치킨 / 호프 / 펍,가격대 만원-2만원,0,0,6,5.0,1.0,0.0
412,숯불닭갈비에 반하닭,4.7,중랑구,주소 서울특별시 중랑구 면목로 352 1F,음식 종류 닭 / 오리 요리,가격대 만원-2만원,2020-11-08,맛있다,18,17.0,1.0,0.0
413,스시고메이,4.3,중랑구,주소 서울특별시 중랑구 공릉로 8-6,음식 종류 회 / 스시,가격대 2만원-3만원,2021-07-04,괜찮다,22,16.0,4.0,2.0
414,진미각,,중랑구,주소 서울특별시 중랑구 겸재로 225,음식 종류 정통 중식 / 일반 중식,가격대 만원 미만,2022-04-12,맛있다,6,4.0,2.0,0.0
415,장수살롱,,중랑구,주소 서울특별시 중랑구 면목로55길 18,음식 종류 치킨 / 호프 / 펍,가격대 만원 미만,2018-03-28,괜찮다,5,2.0,3.0,0.0
416,내친구고양이카페,,중랑구,주소 서울특별시 중랑구 면목로 306 3F,가격대 만원 미만,주차 주차공간없음,2022-01-23,맛있다,4,3.0,1.0,0.0
417,오스테리아주연,,중랑구,주소 서울특별시 중랑구 봉우재로37길 9,음식 종류 이탈리안,가격대 2만원-3만원,2020-02-25,괜찮다,11,6.0,3.0,2.0
418,스시혼,,중랑구,주소 서울특별시 중랑구 신내로 50 한덕빌딩,음식 종류 회 / 스시,가격대 만원-2만원,2020-02-25,괜찮다,16,7.0,7.0,2.0
419,상봉커피,,중랑구,주소 서울특별시 중랑구 봉우재로 96 삼신제일빌딩,음식 종류 카페 / 디저트,가격대 만원 미만,2021-12-09,괜찮다,7,4.0,3.0,0.0
420,연어에 반하다,,중랑구,주소 서울특별시 중랑구 봉화산로 42,음식 종류 회 / 스시,가격대 만원-2만원,2021-12-20,괜찮다,7,5.0,2.0,0.0
421,파파라멘,,중랑구,주소 서울특별시 중랑구 사가정로50길 5,음식 종류 라멘 / 소바 / 우동,가격대 만원 미만,2022-04-20,별로,13,6.0,6.0,1.0
422,맑은샘,,중랑구,주소 서울특별시 중랑구 용마산로99길 13,음식 종류 기타 한식,가격대 만원 미만,2021-10-05,맛있다,13,10.0,1.0,2.0
423,부대닭,,중랑구,주소 서울특별시 중랑구 봉화산로 94 오선빌딩,음식 종류 닭 / 오리 요리,가격대 만원 미만,0,0,4,3.0,1.0,0.0
424,오자매양꼬치,,중랑구,주소 서울특별시 중랑구 중랑역로 227,음식 종류 기타 중식,가격대 만원-2만원,2021-06-29,맛있다,1,1.0,0.0,0.0
425,파란고양이와단팥빵,,중랑구,주소 서울특별시 중랑구 봉화산로56길 46,음식 종류 베이커리,가격대 만원 미만,2020-03-09,맛있다,5,4.0,1.0,0.0
426,한도니,,중랑구,주소 서울특별시 중랑구 봉화산로54길 32,음식 종류 고기 요리,가격대 만원-2만원,2022-05-30,맛있다,5,4.0,1.0,0.0
427,토리아에즈,,중랑구,주소 서울특별시 중랑구 면목로48길 65 1F,음식 종류 이자카야 / 오뎅 / 꼬치,가격대 만원-2만원,0,0,0,,,
428,흥부골숯불돼지왕갈비,,중랑구,주소 서울특별시 중랑구 면목로 341 1F,음식 종류 고기 요리,가격대 만원-2만원,2022-07-31,맛있다,6,5.0,0.0,1.0
429,소소라떼,,중랑구,주소 서울특별시 중랑구 봉우재로70길 91 1F,음식 종류 카페 / 디저트,가격대 만원 미만,0,0,6,6.0,0.0,0.0
430,세컨드고메,,중랑구,주소 서울특별시 중랑구 동일로 927,음식 종류 이탈리안,가격대 만원-2만원,2020-07-22,맛있다,3,3.0,0.0,0.0
431,아웃백스테이크하우스,,중랑구,주소 서울특별시 중랑구 망우로 293,음식 종류 스테이크 / 바베큐,가격대 3만원-4만원,2018-06-03,맛있다,16,10.0,5.0,1.0
432,나베정,,중랑구,주소 서울특별시 중랑구 송림길 5 103호,음식 종류 기타 일식,가격대 만원-2만원,2022-05-30,맛있다,2,2.0,0.0,0.0
433,브라더야끼,,중랑구,주소 서울특별시 중랑구 공릉로 38 자이아파트상가 101동 119-120호,음식 종류 기타 중식,가격대 2만원-3만원,2021-10-03,맛있다,5,4.0,1.0,0.0
434,라떼플로라,,중랑구,주소 서울특별시 중랑구 동일로156길 7 1F,음식 종류 카페 / 디저트,가격대 만원 미만,2018-10-09,별로,3,1.0,1.0,1.0
435,단집,,중랑구,주소 서울특별시 중랑구 사가정로54길 69,음식 종류 카페 / 디저트,가격대 만원 미만,2021-05-27,맛있다,8,8.0,0.0,0.0
436,허밍버드,,중랑구,주소 서울특별시 중랑구 상봉중앙로1가길 1-10,음식 종류 카페 / 디저트,가격대 만원 미만,2022-02-11,맛있다,7,7.0,0.0,0.0
437,동부고려제과,,중랑구,주소 서울특별시 중랑구 망우로 388,음식 종류 베이커리,가격대 만원 미만,2020-08-03,맛있다,5,3.0,1.0,1.0
438,루앙의부엉이,,중랑구,주소 서울특별시 중랑구 사가정로 374 킴스타워 1F 101호,음식 종류 베이커리,가격대 만원 미만,2020-04-24,맛있다,3,3.0,0.0,0.0
439,만두만,,중랑구,주소 서울특별시 중랑구 면목로44길 57,음식 종류 한정식 / 백반 / 정통 한식,가격대 만원 미만,2022-03-28,맛있다,3,2.0,1.0,0.0
440,개인공간,,중랑구,주소 서울특별시 중랑구 송림길 12 1F,음식 종류 카페 / 디저트,가격대 만원 미만,2022-06-03,맛있다,6,2.0,4.0,0.0
441,BREAD850,,중랑구,주소 서울특별시 중랑구 동일로 850,음식 종류 베이커리,가격대 만원 미만,2021-09-24,맛있다,2,2.0,0.0,0.0
442,가나점보돈까스,,중랑구,주소 서울특별시 중랑구 용마산로94가길 24,음식 종류 기타 한식,가격대 만원 미만,2021-04-04,괜찮다,8,5.0,3.0,0.0
443,이층커피,,중랑구,주소 서울특별시 중랑구 동일로 805-1 2F,음식 종류 카페 / 디저트,가격대 만원 미만,2022-05-21,괜찮다,5,4.0,1.0,0.0
444,사가정손두부,,중랑구,주소 서울특별시 중랑구 면목로44길 62,음식 종류 한정식 / 백반 / 정통 한식,가격대 만원 미만,4 일 전,괜찮다,3,0.0,3.0,0.0
445,태능배밭갈비,,중랑구,주소 서울특별시 중랑구 동일로143길 30,음식 종류 고기 요리,0,2021-09-24,맛있다,2,1.0,1.0,0.0
446,용마쉼터,,중랑구,주소 서울특별시 중랑구 용마산로112나길 69 용마랜드,음식 종류 닭 / 오리 요리,가격대 2만원-3만원,2022-06-30,맛있다,3,1.0,2.0,0.0
447,빛나는바다,,중랑구,주소 서울특별시 중랑구 중랑역로 249,음식 종류 해산물 요리,가격대 만원-2만원,2021-12-14,별로,2,1.0,0.0,1.0
448,찜집,,중랑구,주소 서울특별시 중랑구 면목로 287,음식 종류 해산물 요리,가격대 만원-2만원,2019-05-19,맛있다,11,9.0,0.0,2.0
449,이학갈비,,중랑구,주소 서울특별시 중랑구 면목로 310,음식 종류 고기 요리,가격대 2만원-3만원,2022-07-26,괜찮다,5,3.0,2.0,0.0
450,ㅎㅎ포차,,중랑구,주소 서울특별시 중랑구 봉우재로33길 88,음식 종류 전통 주점 / 포차,가격대 만원-2만원,2018-02-01,맛있다,1,1.0,0.0,0.0
451,농부보쌈,,중랑구,주소 서울특별시 중랑구 용마산로 389,음식 종류 고기 요리,가격대 만원-2만원,2022-02-06,별로,14,10.0,2.0,2.0
452,신선한우촌,,중랑구,주소 서울특별시 중랑구 용마산로 707,음식 종류 고기 요리,가격대 4만원 이상,2021-06-01,맛있다,4,3.0,0.0,1.0
453,만다린진,,중랑구,주소 서울특별시 중랑구 봉화산로54길 6,음식 종류 정통 중식 / 일반 중식,가격대 만원 미만,2018-02-06,맛있다,3,3.0,0.0,0.0
454,망우찜쌈밥,,중랑구,주소 서울특별시 중랑구 용마공원로2길 12,음식 종류 한정식 / 백반 / 정통 한식,0,2021-02-12,맛있다,3,3.0,0.0,0.0
455,이주소곱창,,중랑구,주소 서울특별시 중랑구 봉우재로33길 34,음식 종류 고기 요리,가격대 만원-2만원,2020-08-01,맛있다,10,5.0,5.0,0.0
456,천외천,,중랑구,주소 서울특별시 중랑구 봉우재로33길 12,음식 종류 닭 / 오리 요리,가격대 2만원-3만원,2022-05-09,맛있다,4,2.0,1.0,1.0
457,메종드그릭,,중랑구,주소 서울특별시 중랑구 망우로60길 37 YMS캐슬 로비,음식 종류 카페 / 디저트,가격대 만원 미만,2022-07-10,괜찮다,4,3.0,1.0,0.0
458,디저트39,,중랑구,주소 서울특별시 중랑구 동일로 932 묵동자이아파트상가 201동 101호,음식 종류 카페 / 디저트,가격대 만원 미만,2017-01-12,괜찮다,3,0.0,3.0,0.0
459,육부단,,중랑구,주소 서울특별시 중랑구 신내로 225 1F,음식 종류 고기 요리,가격대 만원-2만원,2019-09-16,맛있다,5,4.0,1.0,0.0
460,카페레블,,중랑구,주소 서울특별시 중랑구 면목로49길 6,음식 종류 카페 / 디저트,가격대 만원 미만,2019-07-16,별로,5,2.0,2.0,1.0
461,커피꾼,,중랑구,주소 서울특별시 중랑구 면목로 305 성일빌딩,음식 종류 카페 / 디저트,가격대 만원 미만,2019-11-05,맛있다,4,4.0,0.0,0.0
462,소르르카페,,중랑구,주소 서울특별시 중랑구 망우로 414 2F,음식 종류 카페 / 디저트,가격대 만원 미만,2019-08-01,별로,4,2.0,1.0,1.0
463,봉추찜닭,,중랑구,주소 서울특별시 중랑구 면목로 326-1,음식 종류 닭 / 오리 요리,가격대 만원-2만원,0,0,1,1.0,0.0,0.0
464,제이쿠치나,,중랑구,주소 서울특별시 중랑구 망우로 353 엔터식스 상봉점 1F,음식 종류 이탈리안,가격대 만원-2만원,2020-01-09,괜찮다,7,1.0,5.0,1.0
465,Mr왕,,중랑구,주소 서울특별시 중랑구 신내로 225,음식 종류 정통 중식 / 일반 중식,가격대 만원 미만,2018-02-25,괜찮다,5,2.0,3.0,0.0
466,스시차이,,중랑구,주소 서울특별시 중랑구 신내로 225 디아뜨갤러리 151호,음식 종류 회 / 스시,가격대 만원-2만원,2018-02-11,괜찮다,4,2.0,2.0,0.0
467,로기스커피,,중랑구,주소 서울특별시 중랑구 겸재로 172-1,음식 종류 카페 / 디저트,가격대 만원 미만,2020-08-22,괜찮다,3,2.0,1.0,0.0
468,성창식당,,중랑구,주소 서울특별시 중랑구 면목로 421,음식 종류 한정식 / 백반 / 정통 한식,가격대 만원 미만,2021-08-28,맛있다,2,1.0,1.0,0.0
469,돈생김,,중랑구,주소 서울특별시 중랑구 신내로10길 26 1F,음식 종류 고기 요리,가격대 만원-2만원,0,0,1,1.0,0.0,0.0
470,채선당,,중랑구,주소 서울특별시 중랑구 용마산로 623,음식 종류 탕 / 찌개 / 전골,가격대 만원-2만원,0,0,0,,,
471,진국설렁탕,,중랑구,주소 서울특별시 중랑구 용마산로115길 102,음식 종류 탕 / 찌개 / 전골,가격대 만원 미만,2022-07-30,맛있다,5,2.0,3.0,0.0
472,노브랜드버거,,중랑구,주소 서울특별시 중랑구 동일로 799 1-2F,음식 종류 브런치 / 버거 / 샌드위치,가격대 만원 미만,2020-07-15,맛있다,4,2.0,2.0,0.0
473,커피맬러드,,중랑구,주소 서울특별시 중랑구 중랑역로53길 3,음식 종류 카페 / 디저트,가격대 만원 미만,2020-01-04,괜찮다,2,1.0,1.0,0.0
474,립스트커피,,중랑구,주소 서울특별시 중랑구 동일로 932,음식 종류 카페 / 디저트,가격대 만원 미만,2022-03-01,별로,2,1.0,0.0,1.0
475,맛짱,,중랑구,주소 서울특별시 중랑구 중랑역로 116,음식 종류 닭 / 오리 요리,가격대 만원-2만원,0,0,1,1.0,0.0,0.0
476,채선당,,중랑구,주소 서울특별시 중랑구 동일로 942,음식 종류 탕 / 찌개 / 전골,가격대 만원-2만원,0,0,3,1.0,1.0,1.0
477,아롬오네뜨,,중랑구,주소 서울특별시 중랑구 중랑역로3길 46,음식 종류 카페 / 디저트,가격대 만원 미만,2021-08-20,맛있다,1,1.0,0.0,0.0
478,대박왕곱창,,중랑구,주소 서울특별시 중랑구 답십리로 367,음식 종류 고기 요리,가격대 만원-2만원,2022-07-13,맛있다,7,7.0,0.0,0.0
479,참맛깔곱창,,중랑구,주소 서울특별시 중랑구 면목로74길 7,음식 종류 닭 / 오리 요리,가격대 만원 미만,2019-05-13,괜찮다,7,6.0,1.0,0.0
480,거여돈가스,,중랑구,주소 서울특별시 중랑구 송림길 5,음식 종류 기타 한식,가격대 만원 미만,2021-10-16,맛있다,5,4.0,1.0,0.0
481,서박사네곱창,,중랑구,주소 서울특별시 중랑구 망우로62길 15,음식 종류 고기 요리,가격대 만원-2만원,2022-03-26,맛있다,4,4.0,0.0,0.0
482,치어스,,중랑구,주소 서울특별시 중랑구 면목로45길 11,음식 종류 치킨 / 호프 / 펍,가격대 만원-2만원,0,0,0,,,
483,에헴,,중랑구,주소 서울특별시 중랑구 망우로48길 27-12,음식 종류 이자카야 / 오뎅 / 꼬치,가격대 만원-2만원,2021-10-16,괜찮다,6,3.0,3.0,0.0
484,돈대감,,중랑구,주소 서울특별시 중랑구 송림길 1,음식 종류 고기 요리,가격대 만원-2만원,2019-05-31,괜찮다,5,4.0,1.0,0.0
485,스시남,,중랑구,주소 서울특별시 중랑구 중랑역로 261,음식 종류 회 / 스시,가격대 2만원-3만원,2016-05-21,괜찮다,4,0.0,2.0,2.0
486,도씨,,중랑구,주소 서울특별시 중랑구 동일로163길 35 1F,음식 종류 일반 주점,가격대 만원-2만원,2021-03-29,맛있다,3,3.0,0.0,0.0
487,시월애도토리,,중랑구,주소 서울특별시 중랑구 동일로109길 90 대명빌딩,음식 종류 한정식 / 백반 / 정통 한식,가격대 만원 미만,2019-11-02,맛있다,2,2.0,0.0,0.0
488,토리자까나,,중랑구,주소 서울특별시 중랑구 신내로 225 디아뜨갤러리,음식 종류 이자카야 / 오뎅 / 꼬치,가격대 만원-2만원,2015-07-16,괜찮다,2,1.0,1.0,0.0
489,카페 향아,,중랑구,주소 서울특별시 중랑구 사가정로46길 18,가격대 만원 미만,웹 사이트 식당 홈페이지로 가기,2018-11-18,괜찮다,2,1.0,1.0,0.0
490,카페굿업,,중랑구,주소 서울특별시 중랑구 면목로66길 11,음식 종류 카페 / 디저트,가격대 만원 미만,2019-11-04,맛있다,2,1.0,1.0,0.0
491,슈가버터,,중랑구,주소 서울특별시 중랑구 송림길 5 1F,음식 종류 카페 / 디저트,가격대 만원 미만,2021-11-28,맛있다,2,2.0,0.0,0.0
492,어수라생선구이,,중랑구,주소 서울특별시 중랑구 면목로91길 19,음식 종류 한정식 / 백반 / 정통 한식,가격대 만원 미만,0,0,1,1.0,0.0,0.0
493,어썸커피,,중랑구,주소 서울특별시 중랑구 신내로 211 금강리빙스텔,음식 종류 카페 / 디저트,가격대 만원 미만,0,0,2,0.0,2.0,0.0
494,두루두루 베이비카페,,중랑구,주소 서울특별시 중랑구 동일로154길 17,음식 종류 카페 / 디저트,가격대 만원 미만,0,0,1,1.0,0.0,0.0
495,청담,,중랑구,주소 서울특별시 중랑구 중랑역로 82,음식 종류 고기 요리,가격대 만원-2만원,0,0,1,1.0,0.0,0.0
496,꿀삼겹,,중랑구,주소 서울특별시 중랑구 면목로91길 45,음식 종류 고기 요리,가격대 만원-2만원,2019-10-13,맛있다,9,4.0,3.0,2.0
497,데일리파크,,중랑구,주소 서울특별시 중랑구 신내로15길 196,음식 종류 카페 / 디저트,가격대 만원 미만,2017-10-28,별로,7,2.0,4.0,1.0
498,봉화산커피,,중랑구,주소 서울특별시 중랑구 신내로 225 디아뜨갤러리상가 136호,음식 종류 카페 / 디저트,가격대 만원 미만,2021-11-08,맛있다,5,2.0,3.0,0.0
499,오늘그릴,,중랑구,주소 서울특별시 중랑구 봉화산로54길 5,음식 종류 스테이크 / 바베큐,가격대 만원-2만원,2019-03-28,괜찮다,3,2.0,1.0,0.0
500,태능대게하우스,,중랑구,주소 서울특별시 중랑구 동일로 938,음식 종류 해산물 요리,가격대 4만원 이상,2020-08-22,괜찮다,2,1.0,1.0,0.0
501,유정순대,,중랑구,주소 서울특별시 중랑구 면목로37길 42,음식 종류 탕 / 찌개 / 전골,가격대 만원 미만,2017-06-19,맛있다,2,2.0,0.0,0.0
502,산오징어집,,중랑구,주소 서울특별시 중랑구 용마산로115길 31,음식 종류 해산물 요리,0,2020-10-04,괜찮다,2,0.0,2.0,0.0
503,쭈꾸미킹2 0,,중랑구,주소 서울특별시 중랑구 송림길 13,음식 종류 해산물 요리,가격대 만원-2만원,2020-11-29,맛있다,13,6.0,5.0,2.0
504,동강오리,,중랑구,주소 서울특별시 중랑구 용마산로115길 10,음식 종류 닭 / 오리 요리,가격대 만원-2만원,2020-10-26,괜찮다,7,3.0,3.0,1.0
505,하노이별,,중랑구,주소 서울특별시 중랑구 망우로 353,음식 종류 베트남 음식,가격대 만원 미만,2018-07-25,별로,5,1.0,3.0,1.0
506,낙지방,,중랑구,주소 서울특별시 중랑구 신내로 225 디아뜨갤러리 160호,음식 종류 해산물 요리,가격대 만원-2만원,0,0,4,2.0,1.0,1.0
507,맛닭꼬,,중랑구,주소 서울특별시 중랑구 사가정로52길 17,음식 종류 치킨 / 호프 / 펍,0,2019-05-29,맛있다,4,3.0,1.0,0.0
508,포앤시드니,,중랑구,주소 서울특별시 중랑구 동일로 932 자이아파트상가 201동 113호,음식 종류 베트남 음식,가격대 만원 미만,2018-08-19,별로,5,2.0,2.0,1.0
509,장수돼지갈비,,중랑구,주소 서울특별시 중랑구 봉화산로56길 86,음식 종류 고기 요리,가격대 2만원-3만원,2021-11-05,맛있다,4,2.0,2.0,0.0
510,벌교꼬막포차,,중랑구,주소 서울특별시 중랑구 봉우재로33길 41,음식 종류 해산물 요리,가격대 만원-2만원,2022-05-07,맛있다,4,4.0,0.0,0.0
511,후후스시,,중랑구,주소 서울특별시 중랑구 겸재로 198,음식 종류 회 / 스시,가격대 만원-2만원,2020-01-19,괜찮다,3,2.0,1.0,0.0
512,장어세상,,중랑구,주소 서울특별시 중랑구 용마산로129길 4,음식 종류 해산물 요리,가격대 2만원-3만원,2020-02-27,맛있다,3,2.0,1.0,0.0
513,돈카츠요,,중랑구,주소 서울특별시 중랑구 신내로 155 1F 103호,음식 종류 까스 요리,가격대 만원-2만원,2021-05-12,맛있다,3,2.0,1.0,0.0
514,키미노돼지국밥,,중랑구,주소 서울특별시 중랑구 중랑천로10길 92 1F,음식 종류 탕 / 찌개 / 전골,가격대 만원 미만,2020-12-01,맛있다,2,2.0,0.0,0.0
515,산채보리밥,,중랑구,주소 서울특별시 중랑구 동일로157길 8,음식 종류 한정식 / 백반 / 정통 한식,가격대 만원 미만,0,0,3,3.0,0.0,0.0
516,만두박사,,중랑구,주소 서울특별시 중랑구 공릉로 66-1,음식 종류 한정식 / 백반 / 정통 한식,가격대 만원 미만,2019-11-25,괜찮다,2,0.0,2.0,0.0
517,단미화커피,,중랑구,주소 서울특별시 중랑구 망우로 258,음식 종류 카페 / 디저트,가격대 만원 미만,2021-07-06,괜찮다,2,1.0,1.0,0.0
518,만주리양꼬치,,중랑구,주소 서울특별시 중랑구 봉화산로54길 29,음식 종류 기타 중식,가격대 만원-2만원,2020-03-16,괜찮다,2,1.0,1.0,0.0
519,토평한우소곱창,,중랑구,주소 서울특별시 중랑구 신내로 211 금강리빙스텔 133호,음식 종류 고기 요리,가격대 만원-2만원,2021-09-07,맛있다,2,1.0,1.0,0.0
520,바다회천국,,중랑구,주소 서울특별시 중랑구 용마산로 494,음식 종류 해산물 요리,가격대 2만원-3만원,2021-10-16,맛있다,2,1.0,1.0,0.0
521,한동길뼈다귀감자탕,4.3,중랑구,주소 서울특별시 중랑구 신내로 225,음식 종류 탕 / 찌개 / 전골,가격대 만원 미만,2021-05-17,괜찮다,8,5.0,3.0,0.0
522,쿠우쿠우,,중랑구,주소 서울특별시 중랑구 망우로 316 이지팰리스 3F,음식 종류 뷔페,가격대 만원-2만원,2022-01-08,맛있다,5,4.0,0.0,1.0
523,왕십리불곱창,,중랑구,주소 서울특별시 중랑구 상봉로 102,음식 종류 고기 요리,가격대 만원-2만원,2020-08-24,맛있다,5,4.0,0.0,1.0
524,커피스터프,,중랑구,주소 서울특별시 중랑구 망우로42길 10 1F,음식 종류 카페 / 디저트,가격대 만원 미만,2021-11-24,맛있다,4,4.0,0.0,0.0
525,만희네참숯불닭갈비,,중랑구,주소 서울특별시 중랑구 사가정로 371,음식 종류 닭 / 오리 요리,가격대 만원-2만원,2020-03-02,맛있다,5,1.0,3.0,1.0
526,이강분무교동낙지나라,,중랑구,주소 서울특별시 중랑구 면목로 320,음식 종류 해산물 요리,가격대 만원-2만원,2022-05-01,맛있다,3,2.0,0.0,1.0
527,역전할머니맥주,,중랑구,주소 서울특별시 중랑구 봉우재로33길 42,음식 종류 치킨 / 호프 / 펍,가격대 만원-2만원,2022-08-10,괜찮다,3,1.0,2.0,0.0
528,어느날오늘,,중랑구,주소 서울특별시 중랑구 봉화산로30길 98 삼성팰리스,음식 종류 카페 / 디저트,가격대 만원 미만,2019-03-21,괜찮다,2,1.0,1.0,0.0
529,조개나루터,,중랑구,주소 서울특별시 중랑구 중랑천로12길 59,음식 종류 해산물 요리,0,2020-09-07,맛있다,2,2.0,0.0,0.0
530,일차돌,,중랑구,주소 서울특별시 중랑구 동일로 946,음식 종류 고기 요리,가격대 만원-2만원,2019-07-05,맛있다,2,1.0,1.0,0.0
531,산채가,,중랑구,주소 서울특별시 중랑구 동일로157길 30,음식 종류 한정식 / 백반 / 정통 한식,가격대 만원-2만원,2022-05-17,맛있다,1,1.0,0.0,0.0
532,용호횟집,,중랑구,주소 서울특별시 중랑구 중랑역로 44-1,음식 종류 해산물 요리,가격대 만원-2만원,2020-01-03,맛있다,1,1.0,0.0,0.0
533,화성각,,중랑구,주소 서울특별시 중랑구 면목로48길 37,음식 종류 정통 중식 / 일반 중식,가격대 만원-2만원,2022-01-05,맛있다,1,1.0,0.0,0.0
534,원박사소곱창,,중랑구,주소 서울특별시 중랑구 봉우재로33길 31,음식 종류 고기 요리,가격대 2만원-3만원,2022-01-30,맛있다,1,1.0,0.0,0.0
535,마구로,,중랑구,주소 서울특별시 중랑구 동일로118길 35,음식 종류 회 / 스시,가격대 3만원-4만원,2017-04-20,맛있다,3,2.0,0.0,1.0
536,봉일천돼지부속,,중랑구,주소 서울특별시 중랑구 봉우재로33길 23,음식 종류 고기 요리,가격대 만원-2만원,2022-06-23,맛있다,3,3.0,0.0,0.0
537,시래궁,,중랑구,주소 서울특별시 중랑구 봉우재로 113,음식 종류 한정식 / 백반 / 정통 한식,가격대 만원-2만원,2020-01-15,맛있다,3,3.0,0.0,0.0
538,가츠라,,중랑구,주소 서울특별시 중랑구 망우로55길 11-10 홈플러스,음식 종류 까스 요리,가격대 만원 미만,2019-01-28,괜찮다,5,1.0,4.0,0.0
539,미뢰식당,,중랑구,주소 서울특별시 중랑구 면목로88길 5-4 1F,음식 종류 정통 일식 / 일반 일식,가격대 만원 미만,2022-07-23,맛있다,3,3.0,0.0,0.0
540,먹골골목냉면,,중랑구,주소 서울특별시 중랑구 공릉로 56-8,음식 종류 국수 / 면 요리,가격대 만원 미만,2019-06-04,괜찮다,2,1.0,1.0,0.0
541,제주돈선생,,중랑구,주소 서울특별시 중랑구 중랑천로12길 61,음식 종류 고기 요리,가격대 만원-2만원,2020-02-21,맛있다,2,2.0,0.0,0.0
542,연탄돼지갈비,,중랑구,주소 서울특별시 중랑구 봉우재로 159,음식 종류 고기 요리,가격대 만원-2만원,2016-06-21,맛있다,1,1.0,0.0,0.0
543,명동칼국수샤브샤브,,중랑구,주소 서울특별시 중랑구 동일로 932 이마트 B1,음식 종류 국수 / 면 요리,가격대 만원 미만,2016-04-02,괜찮다,3,1.0,2.0,0.0
544,봉평막국수,,중랑구,주소 서울특별시 중랑구 신내로 225 디아뜨갤러리 152호,음식 종류 국수 / 면 요리,가격대 만원 미만,0,0,1,1.0,0.0,0.0
545,넝쿨곱창,,중랑구,주소 서울특별시 중랑구 중랑역로 119,음식 종류 고기 요리,가격대 만원 미만,0,0,1,1.0,0.0,0.0
546,한스참숯불닭갈비,,중랑구,주소 서울특별시 중랑구 중랑역로 117,음식 종류 닭 / 오리 요리,가격대 만원 미만,0,0,1,1.0,0.0,0.0
547,Colors,,중랑구,주소 서울특별시 중랑구 동일로 932 묵동자이아파트 202동 1F 123호,음식 종류 카페 / 디저트,가격대 만원 미만,0,0,1,0.0,1.0,0.0
548,커피볶는성군,,중랑구,주소 서울특별시 중랑구 면목천로 177 B동 1F,음식 종류 카페 / 디저트,가격대 만원 미만,2020-05-04,괜찮다,1,0.0,1.0,0.0
549,섭이네고기집,,중랑구,주소 서울특별시 중랑구 동일로109길 66,음식 종류 고기 요리,가격대 만원-2만원,2022-01-17,맛있다,1,1.0,0.0,0.0
550,차연식당,,중랑구,주소 서울특별시 중랑구 중랑천로 41-1,음식 종류 까스 요리,가격대 만원 미만,0,0,0,,,
551,묵동할머니떡볶이,,중랑구,주소 서울특별시 중랑구 공릉로12가길 14,음식 종류 기타 한식,가격대 만원 미만,2021-02-26,맛있다,8,4.0,0.0,4.0
552,애슐리퀸즈,,중랑구,주소 서울특별시 중랑구 망우로 353 이노시티 B1,음식 종류 뷔페,가격대 만원-2만원,2019-05-31,괜찮다,7,2.0,5.0,0.0
553,연스시,,중랑구,주소 서울특별시 중랑구 동일로 932 묵동자이아파트,음식 종류 회 / 스시,가격대 만원-2만원,2022-05-05,맛있다,5,3.0,2.0,0.0
554,홈메이드,,중랑구,주소 서울특별시 중랑구 면목로 421,음식 종류 까스 요리,가격대 만원 미만,2020-04-14,맛있다,4,1.0,2.0,1.0
555,오대전통가마솥순대국,,중랑구,주소 서울특별시 중랑구 봉우재로 131,음식 종류 탕 / 찌개 / 전골,가격대 만원 미만,2022-01-20,맛있다,3,2.0,1.0,0.0
556,유정집,,중랑구,주소 서울특별시 중랑구 신내로 193 엘리어트하우스,음식 종류 고기 요리,가격대 3만원-4만원,2020-02-25,괜찮다,3,2.0,1.0,0.0
557,제이식스,,중랑구,주소 서울특별시 중랑구 면목로 487,음식 종류 카페 / 디저트,가격대 만원 미만,2016-12-14,괜찮다,4,0.0,3.0,1.0
558,니뽕내뽕,,중랑구,주소 서울특별시 중랑구 망우로 353,음식 종류 퓨전 한식,가격대 만원 미만,2018-05-09,맛있다,4,2.0,2.0,0.0
559,시즌스,,중랑구,주소 서울특별시 중랑구 망우로 353,음식 종류 카페 / 디저트,가격대 만원 미만,2017-03-16,맛있다,2,2.0,0.0,0.0
560,더바른 차담소,,중랑구,주소 서울특별시 중랑구 동일로 467 디자인빌딩 1F,음식 종류 카페 / 디저트,가격대 만원 미만,2020-03-14,괜찮다,2,1.0,1.0,0.0
561,카페브릭,,중랑구,주소 서울특별시 중랑구 신내역로1길 127-11,음식 종류 카페 / 디저트,가격대 만원 미만,2018-04-16,맛있다,2,2.0,0.0,0.0
562,시즌카페,,중랑구,주소 서울특별시 중랑구 사가정로49길 62 1F,가격대 만원 미만,0,2020-09-05,맛있다,2,1.0,1.0,0.0
563,고깃집 경훈이네,,중랑구,주소 서울특별시 중랑구 봉우재로 68 광진빌딩 1F,음식 종류 고기 요리,가격대 만원-2만원,0,0,1,1.0,0.0,0.0
564,정가네홍두깨손칼국수,,중랑구,주소 서울특별시 중랑구 망우로62길 61,음식 종류 국수 / 면 요리,메뉴,0,0,1,1.0,0.0,0.0
565,순돈까스,,중랑구,주소 서울특별시 중랑구 면목로 353,음식 종류 까스 요리,가격대 만원 미만,2021-03-01,맛있다,1,1.0,0.0,0.0
566,향선루,,중랑구,주소 서울특별시 중랑구 망우로 203,음식 종류 정통 중식 / 일반 중식,가격대 만원 미만,2020-04-25,맛있다,1,1.0,0.0,0.0
567,발짝,,중랑구,주소 서울특별시 중랑구 중랑역로 73,음식 종류 일반 주점,가격대 만원-2만원,2021-08-24,맛있다,1,1.0,0.0,0.0
568,비스트로탄탄,,중랑구,주소 서울특별시 중랑구 면목로 303,음식 종류 라멘 / 소바 / 우동,가격대 만원 미만,2022-01-05,맛있다,1,1.0,0.0,0.0
569,리얼파스타,,중랑구,주소 서울특별시 중랑구 용마산로 506 1F,음식 종류 이탈리안,가격대 만원-2만원,2022-07-14,맛있다,1,1.0,0.0,0.0
570,문릿,,중랑구,주소 서울특별시 중랑구 봉우재로43길 35,음식 종류 카페 / 디저트,가격대 만원 미만,0,0,0,,,
571,까망통돼지,,중랑구,주소 서울특별시 중랑구 면목로 488 1F,음식 종류 고기 요리,가격대 만원-2만원,2016-10-10,맛있다,6,5.0,1.0,0.0
572,포메인,,중랑구,주소 서울특별시 중랑구 망우로 353 이노시티,음식 종류 베트남 음식,가격대 만원-2만원,2018-05-27,맛있다,6,2.0,4.0,0.0
573,빈스코드,,중랑구,주소 서울특별시 중랑구 망우로 353 상봉 프레미어스 엠코,음식 종류 카페 / 디저트,가격대 만원 미만,2019-12-25,맛있다,5,4.0,0.0,1.0
574,장안칼국수,,중랑구,주소 서울특별시 중랑구 상봉중앙로 56,음식 종류 국수 / 면 요리,메뉴,2018-12-26,맛있다,4,4.0,0.0,0.0
575,소공주,,중랑구,주소 서울특별시 중랑구 면목로88길 5,음식 종류 다국적 아시아 음식,가격대 만원 미만,2022-06-29,맛있다,4,4.0,0.0,0.0
576,스시왕,,중랑구,주소 서울특별시 중랑구 면목로 394,가격대 만원-2만원,주차 주차공간없음,2019-04-07,괜찮다,3,1.0,2.0,0.0
577,아라수산,,중랑구,주소 서울특별시 중랑구 신내로 211,음식 종류 해산물 요리,가격대 만원-2만원,2020-10-08,별로,3,0.0,2.0,1.0
578,커피나무,,중랑구,주소 서울특별시 중랑구 신내로 62,음식 종류 카페 / 디저트,가격대 만원 미만,2017-01-29,괜찮다,3,1.0,2.0,0.0
579,노고단칼국수,,중랑구,주소 서울특별시 중랑구 봉화산로56길 1,음식 종류 국수 / 면 요리,가격대 만원 미만,2020-06-28,별로,3,1.0,0.0,2.0
580,오덕진해물능이버섯한방오리,,중랑구,주소 서울특별시 중랑구 용마산로115길 59,음식 종류 닭 / 오리 요리,가격대 2만원-3만원,2019-03-15,맛있다,2,2.0,0.0,0.0
581,더파이어,,중랑구,주소 서울특별시 중랑구 용마산로115길 109,음식 종류 닭 / 오리 요리,0,2018-04-08,맛있다,2,1.0,1.0,0.0
582,착한낙지,,중랑구,주소 서울특별시 중랑구 용마산로125길 108-19,음식 종류 해산물 요리,가격대 만원-2만원,2020-10-04,괜찮다,2,1.0,1.0,0.0
583,하루초밥,,중랑구,주소 서울특별시 중랑구 공릉로 18,음식 종류 회 / 스시,가격대 만원-2만원,0,0,2,2.0,0.0,0.0
584,만석바지락칼국수,,중랑구,주소 서울특별시 중랑구 동일로109길 39 1F,음식 종류 국수 / 면 요리,가격대 만원 미만,2021-12-23,맛있다,2,2.0,0.0,0.0
585,조경문치킨,,중랑구,주소 서울특별시 중랑구 중랑역로 173,음식 종류 닭 / 오리 요리,가격대 만원-2만원,2022-01-31,맛있다,2,2.0,0.0,0.0
586,용마갈비,,중랑구,주소 서울특별시 중랑구 용마산로 498,음식 종류 고기 요리,가격대 만원-2만원,2017-07-16,맛있다,1,1.0,0.0,0.0
587,모퉁이카페,,중랑구,주소 서울특별시 중랑구 봉우재로 172,음식 종류 카페 / 디저트,가격대 만원 미만,2019-05-06,별로,1,0.0,0.0,1.0
588,유성집,,중랑구,주소 서울특별시 중랑구 동일로 823-1,음식 종류 고기 요리,0,0,0,1,1.0,0.0,0.0
589,부자돼소,,중랑구,주소 서울특별시 중랑구 봉우재로 126,음식 종류 뷔페,가격대 만원-2만원,0,0,1,1.0,0.0,0.0
590,964커피로스터리,,중랑구,주소 서울특별시 중랑구 면목로 489 상봉어반뷰 1F,음식 종류 카페 / 디저트,가격대 만원 미만,2020-02-11,괜찮다,1,0.0,1.0,0.0
591,원할머니보쌈족발,,중랑구,주소 서울특별시 중랑구 면목로 354,음식 종류 고기 요리,가격대 만원-2만원,2019-05-10,괜찮다,1,0.0,1.0,0.0
592,하루미,,중랑구,주소 서울특별시 중랑구 망우로 203,음식 종류 기타 한식,0,2021-08-17,괜찮다,2,0.0,2.0,0.0
593,꽈배기의달인,,중랑구,주소 서울특별시 중랑구 면목로 341 1F,음식 종류 카페 / 디저트,가격대 만원 미만,2020-08-26,괜찮다,1,0.0,1.0,0.0
594,골탕,,중랑구,주소 서울특별시 중랑구 봉우재로33길 32,음식 종류 해산물 요리,가격대 만원-2만원,2022-05-07,맛있다,1,1.0,0.0,0.0
595,유씨네가직접만든찹쌀순대,,중랑구,주소 서울특별시 중랑구 사가정로49길 46,음식 종류 탕 / 찌개 / 전골,가격대 만원 미만,2020-06-29,괜찮다,1,0.0,1.0,0.0
596,불타는돼지,,중랑구,주소 서울특별시 중랑구 사가정로 417,음식 종류 고기 요리,가격대 만원-2만원,2022-08-10,맛있다,1,1.0,0.0,0.0
597,중국관,,중랑구,주소 서울특별시 중랑구 용마산로116길 30 1F,음식 종류 정통 중식 / 일반 중식,가격대 만원 미만,0,0,1,1.0,0.0,0.0
598,디저트39,,중랑구,주소 서울특별시 중랑구 신내역로 111,음식 종류 카페 / 디저트,가격대 만원 미만,2022-01-01,맛있다,1,1.0,0.0,0.0
599,주안상회,,중랑구,주소 서울특별시 중랑구 봉화산로52길 11,음식 종류 고기 요리,가격대 만원-2만원,2022-02-13,맛있다,1,1.0,0.0,0.0
600,연희미식,4.8,서대문구,주소 서울특별시 서대문구 연희맛로 22 삼원빌딩,음식 종류 다국적 아시아 음식,가격대 만원-2만원,2022-07-29,맛있다,41,36.0,5.0,0.0
601,메노,4.7,서대문구,주소 서울특별시 서대문구 연희로26가길 15,음식 종류 이탈리안,가격대 만원-2만원,2022-07-16,맛있다,14,13.0,1.0,0.0
602,올레무스,4.6,서대문구,주소 서울특별시 서대문구 연희로5길 58,가격대 만원 미만,주차 무료주차 가능,2022-08-10,맛있다,71,62.0,9.0,0.0
603,쿳사,4.6,서대문구,주소 서울특별시 서대문구 증가로 48 상가 1F 103호,음식 종류 이탈리안,가격대 만원-2만원,2022-07-04,맛있다,17,17.0,0.0,0.0
604,정리의밤,4.6,서대문구,주소 서울특별시 서대문구 연희맛로 31-10,음식 종류 전통 주점 / 포차,가격대 2만원-3만원,2022-08-01,맛있다,7,7.0,0.0,0.0
605,스탠바이키친,4.5,서대문구,주소 서울특별시 서대문구 연대동문길 49,음식 종류 브런치 / 버거 / 샌드위치,가격대 만원 미만,2022-06-19,맛있다,149,128.0,17.0,4.0
606,비아 메렝게,4.5,서대문구,주소 서울특별시 서대문구 명물길 27-18 1F,음식 종류 남미 음식,가격대 만원-2만원,2022-07-25,맛있다,114,83.0,25.0,6.0
607,홋카이도부타동스미레,4.5,서대문구,주소 서울특별시 서대문구 연세로4길 61,가격대 만원-2만원,주차 주차공간없음,2022-06-22,맛있다,122,91.0,18.0,13.0
608,센트그릴 BBQ,4.5,서대문구,주소 서울특별시 서대문구 연희로 89-3 B1,음식 종류 스테이크 / 바베큐,가격대 만원-2만원,2022-04-29,맛있다,41,34.0,7.0,0.0
609,롱보트스모커,4.5,서대문구,주소 서울특별시 서대문구 증가로 27 1F,음식 종류 기타 양식,가격대 만원 미만,2022-06-20,맛있다,9,9.0,0.0,0.0
610,파올로데마리아,4.4,서대문구,주소 서울특별시 서대문구 연희로26길 24,음식 종류 이탈리안,가격대 2만원-3만원,2022-02-14,맛있다,114,86.0,18.0,10.0
611,맘맘테이블,4.4,서대문구,주소 서울특별시 서대문구 연세로4길 33,가격대 만원 미만,"주차 유료주차 가능 1시간 4,000원",2022-06-26,맛있다,177,137.0,31.0,9.0
612,르솔레이,4.4,서대문구,주소 서울특별시 서대문구 연희맛로 7-29,음식 종류 베이커리,가격대 만원 미만,2022-06-27,맛있다,93,75.0,12.0,6.0
613,걸리부,4.4,서대문구,주소 서울특별시 서대문구 연희맛로 31,음식 종류 정통 중식 / 일반 중식,가격대 만원 미만,2022-08-06,맛있다,68,53.0,14.0,1.0
614,가타쯔무리,4.4,서대문구,주소 서울특별시 서대문구 명지대길 72,가격대 만원 미만,주차 주차공간없음,2022-07-30,맛있다,66,50.0,11.0,5.0
615,천진분식,4.4,서대문구,주소 서울특별시 서대문구 이화여대5길 7,음식 종류 기타 중식,가격대 만원 미만,2022-05-13,맛있다,38,31.0,7.0,0.0
616,길상양꼬치,4.4,서대문구,주소 서울특별시 서대문구 연세로5가길 17,음식 종류 기타 중식,가격대 만원-2만원,2022-06-09,괜찮다,50,40.0,7.0,3.0
617,락희안,4.4,서대문구,주소 서울특별시 서대문구 가재울로4길 53,음식 종류 정통 중식 / 일반 중식,가격대 만원 미만,2022-04-28,맛있다,18,17.0,1.0,0.0
618,폴앤폴리나,4.4,서대문구,주소 서울특별시 서대문구 연희로11길 56,음식 종류 베이커리,가격대 만원 미만,2022-08-07,맛있다,33,33.0,0.0,0.0
619,책바,4.4,서대문구,주소 서울특별시 서대문구 연희맛로 24 101호,음식 종류 칵테일 / 와인,가격대 만원-2만원,2022-01-22,맛있다,26,25.0,1.0,0.0
620,연남장,4.4,서대문구,주소 서울특별시 서대문구 연희로5길 22 1F,음식 종류 카페 / 디저트,가격대 만원-2만원,2022-06-21,맛있다,20,18.0,2.0,0.0
621,떼뮤즐렛,4.4,서대문구,주소 서울특별시 서대문구 연희맛로 24 2F,음식 종류 칵테일 / 와인,가격대 만원-2만원,2022-08-04,맛있다,26,26.0,0.0,0.0
622,다이닝후,4.4,서대문구,주소 서울특별시 서대문구 충정로 43-1,음식 종류 퓨전 양식,가격대 2만원-3만원,2022-06-28,맛있다,9,8.0,1.0,0.0
623,인생이막창이네,4.4,서대문구,주소 서울특별시 서대문구 연세로7안길 51 1F,음식 종류 고기 요리,가격대 만원-2만원,2022-06-12,맛있다,17,16.0,1.0,0.0
624,송아저씨빈대떡,4.4,서대문구,주소 서울특별시 서대문구 연세로7안길 29,음식 종류 한정식 / 백반 / 정통 한식,가격대 만원-2만원,2022-08-01,맛있다,16,12.0,4.0,0.0
625,반서울 (휴업중),4.3,서대문구,주소 서울특별시 서대문구 이화여대길 87 2F,음식 종류 이탈리안,가격대 만원-2만원,2022-06-29,맛있다,284,203.0,60.0,21.0
626,목란,4.3,서대문구,주소 서울특별시 서대문구 연희로15길 21,음식 종류 정통 중식 / 일반 중식,가격대 2만원-3만원,2022-05-29,맛있다,149,85.0,56.0,8.0
627,미스터서왕만두,4.3,서대문구,주소 서울특별시 서대문구 신촌역로 16,음식 종류 딤섬 / 만두,가격대 만원 미만,2022-08-07,맛있다,288,222.0,57.0,9.0
628,한림돈가,4.3,서대문구,주소 서울특별시 서대문구 연세로7안길 16-4 1F,음식 종류 고기 요리,가격대 만원-2만원,2022-03-11,맛있다,122,88.0,19.0,15.0
629,카라멘야,4.3,서대문구,주소 서울특별시 서대문구 연세로7안길 34-1 1F,음식 종류 라멘 / 소바 / 우동,가격대 만원 미만,2022-08-03,맛있다,105,73.0,22.0,10.0
630,까이식당,4.3,서대문구,주소 서울특별시 서대문구 이화여대2가길 24 1층 1F,음식 종류 다국적 아시아 음식,가격대 만원 미만,2022-06-03,맛있다,140,106.0,30.0,4.0
631,우동카덴,4.3,서대문구,주소 서울특별시 서대문구 연희로 173 거화빌딩 1F,음식 종류 라멘 / 소바 / 우동,가격대 만원 미만,2022-07-27,맛있다,84,60.0,16.0,8.0
632,담산,4.3,서대문구,주소 서울특별시 서대문구 연세로5다길 41,음식 종류 고기 요리,가격대 만원-2만원,2022-08-06,맛있다,50,38.0,10.0,2.0
633,크래프트비어칸,4.3,서대문구,주소 서울특별시 서대문구 연희로11길 7,음식 종류 치킨 / 호프 / 펍,가격대 만원-2만원,2022-06-16,맛있다,25,23.0,2.0,0.0
634,녹원쌈밥,4.3,서대문구,주소 서울특별시 서대문구 연희로25길 22,음식 종류 고기 요리,가격대 만원-2만원,2022-06-11,괜찮다,54,41.0,11.0,2.0
635,진미,4.3,서대문구,주소 서울특별시 서대문구 연희맛로 36 1F,음식 종류 정통 중식 / 일반 중식,가격대 만원-2만원,2022-06-10,맛있다,13,10.0,3.0,0.0
636,위드미치코,4.3,서대문구,주소 서울특별시 서대문구 충정로4길 20,음식 종류 전통 주점 / 포차,가격대 만원-2만원,2022-07-17,맛있다,29,26.0,3.0,0.0
637,영미김밥,4.3,서대문구,주소 서울특별시 서대문구 신촌역로 21 1F,음식 종류 기타 한식,가격대 만원 미만,2022-05-30,괜찮다,48,38.0,10.0,0.0
638,Thursday Stuffing,4.3,서대문구,주소 서울특별시 서대문구 연희로15안길 6-4,음식 종류 브런치 / 버거 / 샌드위치,가격대 만원-2만원,2022-04-06,맛있다,25,18.0,7.0,0.0
639,심플리키친,4.3,서대문구,주소 서울특별시 서대문구 이화여대5길 35 107호,음식 종류 기타 한식,가격대 만원 미만,2022-05-18,맛있다,33,28.0,5.0,0.0
640,뉴타운,4.3,서대문구,주소 서울특별시 서대문구 연세로12길 27,음식 종류 치킨 / 호프 / 펍,가격대 2만원-3만원,2022-06-25,별로,38,32.0,5.0,1.0
641,바코드,4.3,서대문구,주소 서울특별시 서대문구 연세로9길 26,음식 종류 칵테일 / 와인,가격대 만원-2만원,2022-05-08,맛있다,27,24.0,2.0,1.0
642,북성해장국,4.3,서대문구,주소 서울특별시 서대문구 신촌로35길 7,음식 종류 탕 / 찌개 / 전골,가격대 만원 미만,2022-03-17,맛있다,12,11.0,0.0,1.0
643,탭스터,4.3,서대문구,주소 서울특별시 서대문구 증가로 1 103호,음식 종류 치킨 / 호프 / 펍,가격대 만원-2만원,2022-07-29,맛있다,17,16.0,1.0,0.0
644,여래여거,4.3,서대문구,주소 서울특별시 서대문구 이화여대길 56-3 1F,음식 종류 회 / 스시,가격대 4만원 이상,2022-03-04,맛있다,6,6.0,0.0,0.0
645,고바우집,4.3,서대문구,주소 서울특별시 서대문구 명물1길 22,음식 종류 고기 요리,가격대 만원-2만원,2022-07-14,맛있다,11,10.0,1.0,0.0
646,화명당마라탕,4.3,서대문구,주소 서울특별시 서대문구 이화여대길 78,음식 종류 기타 중식,가격대 만원 미만,2022-08-06,맛있다,26,25.0,1.0,0.0
647,아콘스톨,4.3,서대문구,주소 서울특별시 서대문구 신촌역로 17 110호,음식 종류 기타 한식,가격대 만원 미만,2022-07-29,맛있다,12,10.0,2.0,0.0
648,제주도그릴,4.3,서대문구,주소 서울특별시 서대문구 연희로 89,음식 종류 고기 요리,가격대 만원-2만원,2022-07-29,맛있다,14,13.0,1.0,0.0
649,코블러 연희,4.3,서대문구,주소 서울특별시 서대문구 연희맛로 31-9,음식 종류 칵테일 / 와인,가격대 2만원-3만원,2022-07-18,맛있다,7,7.0,0.0,0.0
650,연희동양꼬치,4.3,서대문구,주소 서울특별시 서대문구 연희로 81-5,음식 종류 기타 중식,가격대 만원-2만원,2022-06-26,맛있다,8,7.0,1.0,0.0
651,커피가게동경,4.3,서대문구,주소 서울특별시 서대문구 연희맛로 23,가격대 만원 미만,주차 주차공간없음,2022-01-21,맛있다,9,9.0,0.0,0.0
652,아저씨네낙지찜,4.3,서대문구,주소 서울특별시 서대문구 연세로5다길 39,음식 종류 해산물 요리,가격대 만원-2만원,2022-08-09,맛있다,6,5.0,1.0,0.0
653,타코로코,4.2,서대문구,주소 서울특별시 서대문구 연세로7안길 37,음식 종류 남미 음식,가격대 만원 미만,2022-08-05,맛있다,166,123.0,32.0,11.0
654,방콕익스프레스,4.2,서대문구,주소 서울특별시 서대문구 연세로2길 90 백송빌딩 1F,음식 종류 태국 음식,가격대 만원-2만원,2022-07-23,맛있다,227,157.0,41.0,29.0
655,에노테카오토,4.2,서대문구,주소 서울특별시 서대문구 연희맛로 17-18,음식 종류 이탈리안,가격대 2만원-3만원,2022-02-16,맛있다,64,48.0,11.0,5.0
656,만동제과,4.2,서대문구,주소 서울특별시 서대문구 연희로 32,음식 종류 베이커리,가격대 만원 미만,2022-08-08,맛있다,52,40.0,12.0,0.0
657,고삼이,4.2,서대문구,주소 서울특별시 서대문구 연세로7안길 38,음식 종류 한정식 / 백반 / 정통 한식,가격대 만원 미만,2022-06-29,맛있다,126,97.0,24.0,5.0
658,솔리드웍스,4.2,서대문구,주소 서울특별시 서대문구 이화여대길 88-3,음식 종류 카페 / 디저트,가격대 만원 미만,9 시간 전,맛있다,69,53.0,14.0,2.0
659,에브리띵베이글,4.2,서대문구,주소 서울특별시 서대문구 연희로11길 29 1F,음식 종류 카페 / 디저트,가격대 만원 미만,2022-06-02,괜찮다,41,32.0,7.0,2.0
660,로드샌드위치,4.2,서대문구,주소 서울특별시 서대문구 연대동문길 45,음식 종류 브런치 / 버거 / 샌드위치,가격대 만원 미만,2021-11-25,맛있다,136,103.0,30.0,3.0
661,연희일품향,4.2,서대문구,주소 서울특별시 서대문구 연희로 143,음식 종류 정통 중식 / 일반 중식,가격대 만원-2만원,2021-04-26,맛있다,15,12.0,2.0,1.0
662,비하인드리메인,4.2,서대문구,주소 서울특별시 서대문구 연희로11라길 10-6 101호,음식 종류 카페 / 디저트,가격대 만원 미만,2022-04-30,맛있다,32,27.0,5.0,0.0
663,프로토콜,4.2,서대문구,주소 서울특별시 서대문구 연희로 109 2F,음식 종류 카페 / 디저트,가격대 만원 미만,2022-06-30,괜찮다,15,12.0,3.0,0.0
664,오디너리핏,4.2,서대문구,주소 서울특별시 서대문구 연희로11가길 48-23 3F,가격대 만원 미만,주차 주차공간없음,2022-07-10,맛있다,18,16.0,2.0,0.0
665,디폴트벨류,4.2,서대문구,주소 서울특별시 서대문구 성산로 333 2F,음식 종류 카페 / 디저트,가격대 만원 미만,2022-08-02,괜찮다,27,22.0,4.0,1.0
666,고기창고,4.2,서대문구,주소 서울특별시 서대문구 연세로7길 34-4,음식 종류 고기 요리,가격대 만원-2만원,2022-06-12,맛있다,27,16.0,10.0,1.0
667,맛있는집,4.2,서대문구,주소 서울특별시 서대문구 거북골로20길 55,음식 종류 기타 한식,가격대 만원 미만,2022-05-05,맛있다,25,24.0,0.0,1.0
668,양밍산,4.2,서대문구,주소 서울특별시 서대문구 가좌로 36 1F,음식 종류 기타 중식,가격대 만원-2만원,2022-07-17,맛있다,5,4.0,1.0,0.0
669,보울룸,4.2,서대문구,주소 서울특별시 서대문구 연세로 13 현대백화점 유플렉스 11F,가격대 만원-2만원,주차 유료주차 가능,2022-02-12,맛있다,28,20.0,6.0,2.0
670,바틸트,4.2,서대문구,주소 서울특별시 서대문구 연세로11길 27 2F,음식 종류 칵테일 / 와인,가격대 4만원 이상,2021-07-19,맛있다,10,9.0,0.0,1.0
671,요릿집,4.2,서대문구,주소 서울특별시 서대문구 연희맛로 36 1F,음식 종류 한정식 / 백반 / 정통 한식,가격대 2만원-3만원,2022-07-07,맛있다,6,5.0,1.0,0.0
672,온고 파티세리,4.2,서대문구,주소 서울특별시 서대문구 연희로11길 71,가격대 만원 미만,0,2022-07-18,맛있다,4,4.0,0.0,0.0
673,엔타로커피,4.2,서대문구,주소 서울특별시 서대문구 명물길 37,음식 종류 카페 / 디저트,가격대 만원 미만,2022-07-29,맛있다,7,7.0,0.0,0.0
674,이세계는놀이터예요,4.2,서대문구,주소 서울특별시 서대문구 이화여대길 88-15 1F 2호,음식 종류 브런치 / 버거 / 샌드위치,가격대 만원 미만,2021-08-23,맛있다,8,8.0,0.0,0.0
675,마우디,4.1,서대문구,주소 서울특별시 서대문구 연희로11길 18,음식 종류 퓨전 양식,가격대 만원-2만원,2022-05-27,괜찮다,133,83.0,32.0,18.0
676,라구식당,4.1,서대문구,주소 서울특별시 서대문구 연세로 42-24,음식 종류 기타 양식,가격대 만원-2만원,2022-07-13,괜찮다,198,124.0,59.0,15.0
677,매뉴팩트커피,4.1,서대문구,주소 서울특별시 서대문구 연희로11길 29,음식 종류 카페 / 디저트,가격대 만원 미만,2022-03-14,맛있다,153,124.0,25.0,4.0
678,소신이쏘,4.1,서대문구,주소 서울특별시 서대문구 연세로5가길 19,음식 종류 고기 요리,가격대 만원-2만원,3 일 전,별로,213,140.0,50.0,23.0
679,티앙팡오후의홍차,4.1,서대문구,주소 서울특별시 서대문구 이화여대길 34 2F,음식 종류 카페 / 디저트,가격대 만원 미만,2022-07-28,괜찮다,139,101.0,31.0,7.0
680,야바이,4.1,서대문구,주소 서울특별시 서대문구 연세로7안길 37,음식 종류 철판 요리,가격대 만원-2만원,2022-07-31,별로,174,108.0,45.0,21.0
681,오향만두,4.1,서대문구,주소 서울특별시 서대문구 연희맛로 22,음식 종류 딤섬 / 만두,가격대 만원 미만,2022-08-09,맛있다,86,61.0,20.0,5.0
682,쏘이54,4.1,서대문구,주소 서울특별시 서대문구 이화여대3길 12,음식 종류 태국 음식,가격대 만원 미만,2022-08-03,맛있다,40,33.0,5.0,2.0
683,비밀,4.1,서대문구,주소 서울특별시 서대문구 이화여대7길 48,음식 종류 베이커리,가격대 만원 미만,2022-06-30,맛있다,72,52.0,13.0,7.0
684,63 프로방스,4.1,서대문구,주소 서울특별시 서대문구 이화여대5길 15,음식 종류 베트남 음식,가격대 만원 미만,2022-06-17,맛있다,71,50.0,16.0,5.0
685,텐조,4.1,서대문구,주소 서울특별시 서대문구 거북골로20길 71,음식 종류 이자카야 / 오뎅 / 꼬치,가격대 만원-2만원,2022-07-17,괜찮다,22,18.0,4.0,0.0
686,미도 매운향솥,4.1,서대문구,주소 서울특별시 서대문구 연세로11길 24,음식 종류 기타 중식,가격대 2만원-3만원,2022-05-25,맛있다,40,24.0,11.0,5.0
687,벽제갈비,4.1,서대문구,주소 서울특별시 서대문구 명물길 22,음식 종류 고기 요리,가격대 4만원 이상,2022-06-26,괜찮다,26,21.0,4.0,1.0
688,피망과토마토,4.1,서대문구,주소 서울특별시 서대문구 명물길 27-21 6F,음식 종류 치킨 / 호프 / 펍,가격대 만원-2만원,2022-06-10,맛있다,19,17.0,2.0,0.0
689,가미분식,4.1,서대문구,주소 서울특별시 서대문구 이화여대8길 2,음식 종류 기타 한식,가격대 만원 미만,2022-04-02,괜찮다,33,22.0,8.0,3.0
690,아이덴티티커피랩,4.1,서대문구,주소 서울특별시 서대문구 모래내로 390 1F,음식 종류 카페 / 디저트,가격대 만원 미만,2022-08-08,괜찮다,8,7.0,1.0,0.0
691,링키지버거,4.1,서대문구,주소 서울특별시 서대문구 연희로11가길 53 1F,음식 종류 브런치 / 버거 / 샌드위치,가격대 만원 미만,2022-04-03,맛있다,21,17.0,4.0,0.0
692,로실링,4.1,서대문구,주소 서울특별시 서대문구 연세로4길 26,음식 종류 치킨 / 호프 / 펍,가격대 만원-2만원,2022-01-28,괜찮다,29,25.0,4.0,0.0
693,행복감,4.1,서대문구,주소 서울특별시 서대문구 연희로11가길 51,음식 종류 카페 / 디저트,가격대 만원 미만,2022-04-30,맛있다,17,14.0,3.0,0.0
694,월순철판동태찜,4.1,서대문구,주소 서울특별시 서대문구 연희맛로 17-14 1F,음식 종류 해산물 요리,가격대 만원-2만원,2022-04-01,괜찮다,25,19.0,4.0,2.0
695,아바이왕순대,4.1,서대문구,주소 서울특별시 서대문구 충정로6안길 52,음식 종류 탕 / 찌개 / 전골,가격대 만원 미만,2022-04-11,맛있다,9,7.0,2.0,0.0
696,탐복,4.1,서대문구,주소 서울특별시 서대문구 신촌로 83 10F,음식 종류 해산물 요리,가격대 만원-2만원,1 일 전,맛있다,21,17.0,4.0,0.0
697,서대문족발,4.1,서대문구,주소 서울특별시 서대문구 충정로6안길 54,음식 종류 고기 요리,가격대 만원-2만원,2022-01-25,맛있다,37,29.0,7.0,1.0
698,크로키,4.1,서대문구,주소 서울특별시 서대문구 연희맛로 7-7 3F,음식 종류 이탈리안,가격대 2만원-3만원,2022-03-04,맛있다,13,9.0,2.0,2.0
699,너스레,4.1,서대문구,주소 서울특별시 서대문구 이화여대3길 45 2F,음식 종류 일반 주점,가격대 만원-2만원,2022-06-15,맛있다,16,13.0,2.0,1.0
700,딴따라독두공방,4.1,서대문구,주소 서울특별시 서대문구 연세로7안길 29 B1,음식 종류 일반 주점,가격대 만원-2만원,2022-03-23,맛있다,16,13.0,2.0,1.0
701,연어초밥,4.1,서대문구,주소 서울특별시 서대문구 연세로2길 94 1F 3호,음식 종류 회 / 스시,가격대 만원-2만원,2022-01-03,맛있다,25,20.0,4.0,1.0
702,하이파이,4.1,서대문구,주소 서울특별시 서대문구 연희로11가길 39 B1,음식 종류 베이커리,가격대 만원 미만,2022-07-21,괜찮다,6,5.0,1.0,0.0
703,사모님돈가스,4.1,서대문구,주소 서울특별시 서대문구 연희로11가길 39 2F,음식 종류 기타 한식,가격대 만원-2만원,2022-07-06,맛있다,9,7.0,1.0,1.0
704,카페위검,4.1,서대문구,주소 서울특별시 서대문구 연희로11가길 8 2F,음식 종류 카페 / 디저트,가격대 만원 미만,2022-05-06,맛있다,5,5.0,0.0,0.0
705,엄마식탁,4.1,서대문구,주소 서울특별시 서대문구 연희맛로 17-21,음식 종류 한정식 / 백반 / 정통 한식,가격대 만원 미만,2022-06-09,맛있다,10,8.0,1.0,1.0
706,연탄생고기집,4.1,서대문구,주소 서울특별시 서대문구 홍제천로 76,음식 종류 고기 요리,가격대 만원-2만원,2022-05-23,맛있다,7,7.0,0.0,0.0
707,육회본가,4.1,서대문구,주소 서울특별시 서대문구 연세로9길 23,음식 종류 고기 요리,가격대 만원-2만원,2022-06-29,맛있다,19,15.0,4.0,0.0
708,프레퍼스다이어트푸드,4.1,서대문구,주소 서울특별시 서대문구 명물길 4 1F,음식 종류 기타 양식,가격대 만원 미만,2022-06-21,맛있다,9,7.0,2.0,0.0
709,진돈부리,4.1,서대문구,주소 서울특별시 서대문구 신촌로 149 신촌자이엘라 B104,음식 종류 돈부리 / 일본 카레 / 벤토,가격대 만원 미만,2022-03-26,맛있다,7,7.0,0.0,0.0
710,파이홀,4.0,서대문구,주소 서울특별시 서대문구 연세로5나길 20 1F,음식 종류 카페 / 디저트,가격대 만원 미만,2022-07-09,맛있다,308,208.0,77.0,23.0
711,그릭데이,4.0,서대문구,주소 서울특별시 서대문구 신촌역로 22-8 대국빌딩 1F,음식 종류 카페 / 디저트,가격대 만원 미만,2022-05-22,괜찮다,192,152.0,28.0,12.0
712,란주탕슉,4.0,서대문구,주소 서울특별시 서대문구 이화여대2가길 18,음식 종류 정통 중식 / 일반 중식,가격대 만원 미만,2022-05-25,맛있다,255,167.0,48.0,40.0
713,정육면체,4.0,서대문구,주소 서울특별시 서대문구 연세로5다길 22-8 1F,음식 종류 기타 중식,가격대 만원 미만,4 일 전,괜찮다,173,122.0,44.0,7.0
714,부탄츄,4.0,서대문구,주소 서울특별시 서대문구 연세로5길 26-9,음식 종류 라멘 / 소바 / 우동,가격대 만원 미만,2022-08-03,맛있다,238,145.0,67.0,26.0
715,호밀밭,4.0,서대문구,주소 서울특별시 서대문구 신촌역로 43,음식 종류 카페 / 디저트,가격대 만원 미만,2022-08-06,맛있다,265,192.0,63.0,10.0
716,독수리다방,4.0,서대문구,주소 서울특별시 서대문구 연세로 36 독수리빌딩 8F,음식 종류 카페 / 디저트,가격대 만원 미만,2022-05-12,별로,144,102.0,37.0,5.0
717,초코블로썸,4.0,서대문구,주소 서울특별시 서대문구 명물길 50-4,음식 종류 카페 / 디저트,가격대 만원 미만,2021-11-28,괜찮다,128,93.0,31.0,4.0
718,마더린러베이글,4.0,서대문구,주소 서울특별시 서대문구 이화여대5길 5 1F,음식 종류 카페 / 디저트,가격대 만원 미만,2022-04-16,맛있다,92,64.0,23.0,5.0
719,가마마루이라멘,4.0,서대문구,주소 서울특별시 서대문구 성산로22길 4,음식 종류 라멘 / 소바 / 우동,가격대 만원 미만,2022-05-27,맛있다,174,114.0,44.0,16.0
720,공복식당,4.0,서대문구,주소 서울특별시 서대문구 연세로12길 23 1F,음식 종류 고기 요리,가격대 만원-2만원,2022-06-29,맛있다,97,55.0,32.0,10.0
721,조선의육개장,4.0,서대문구,주소 서울특별시 서대문구 연세로5나길 20,음식 종류 탕 / 찌개 / 전골,가격대 만원 미만,2022-03-10,맛있다,145,96.0,38.0,11.0
722,삭,4.0,서대문구,주소 서울특별시 서대문구 이화여대3길 12,음식 종류 기타 한식,가격대 만원 미만,9 시간 전,맛있다,145,99.0,30.0,16.0
723,탕화쿵부,4.0,서대문구,주소 서울특별시 서대문구 신촌역로 23 2F,가격대 만원 미만,주차 주차공간없음,2022-02-16,괜찮다,84,61.0,15.0,8.0
724,키친31,4.0,서대문구,주소 서울특별시 서대문구 연세로4길 52 1F,음식 종류 이자카야 / 오뎅 / 꼬치,가격대 만원-2만원,2021-12-19,맛있다,30,22.0,6.0,2.0
725,컨시어지 커피,4.0,서대문구,주소 서울특별시 서대문구 증가로 1,음식 종류 카페 / 디저트,가격대 만원 미만,2022-02-17,맛있다,38,32.0,6.0,0.0
726,타코몽,4.0,서대문구,주소 서울특별시 서대문구 신촌로 49,음식 종류 철판 요리,가격대 만원 미만,2022-06-29,맛있다,59,43.0,12.0,4.0
727,고래파스타,4.0,서대문구,주소 서울특별시 서대문구 연세로7안길 10-3 2F,음식 종류 기타 양식,가격대 만원-2만원,2022-04-05,맛있다,46,39.0,6.0,1.0
728,편의방,4.0,서대문구,주소 서울특별시 서대문구 연희로 36,음식 종류 딤섬 / 만두,가격대 만원 미만,2021-11-09,맛있다,43,33.0,8.0,2.0
729,유야케도쿄,4.0,서대문구,주소 서울특별시 서대문구 이화여대3길 28,음식 종류 까스 요리,가격대 만원 미만,2020-10-23,괜찮다,39,27.0,11.0,1.0
730,벤치 커피 스튜디오,4.0,서대문구,주소 서울특별시 서대문구 연세로2마길 14 2F,음식 종류 카페 / 디저트,가격대 만원 미만,5 일 전,맛있다,14,12.0,2.0,0.0
731,스웨이커피스테이션,4.0,서대문구,주소 서울특별시 서대문구 연희로11길 61,음식 종류 카페 / 디저트,가격대 만원 미만,2022-06-11,맛있다,24,19.0,4.0,1.0
732,닭내장집,4.0,서대문구,주소 서울특별시 서대문구 수색로 28-5,음식 종류 닭 / 오리 요리,가격대 만원-2만원,2021-11-15,괜찮다,11,7.0,4.0,0.0
733,라이프커피컴퍼니,4.0,서대문구,주소 서울특별시 서대문구 이화여대7길 14 1F,음식 종류 카페 / 디저트,가격대 만원 미만,2022-05-01,맛있다,28,22.0,5.0,1.0
734,안춘선갈비배추탕,4.0,서대문구,주소 서울특별시 서대문구 통일로 135 B1F,음식 종류 탕 / 찌개 / 전골,가격대 만원-2만원,2022-03-06,맛있다,18,11.0,7.0,0.0
735,오리지날분식,4.0,서대문구,주소 서울특별시 서대문구 이화여대길 88-9,음식 종류 기타 한식,가격대 만원 미만,2022-05-23,괜찮다,11,7.0,2.0,2.0
736,참맛집,4.0,서대문구,주소 서울특별시 서대문구 경기대로 82,음식 종류 고기 요리,가격대 만원-2만원,4 일 전,괜찮다,12,9.0,2.0,1.0
737,돈불1971,4.0,서대문구,주소 서울특별시 서대문구 연세로5다길 36,음식 종류 고기 요리,가격대 만원-2만원,2022-05-28,맛있다,24,18.0,5.0,1.0
738,웨어아위,4.0,서대문구,주소 서울특별시 서대문구 연세로11길 24 2F,음식 종류 칵테일 / 와인,가격대 만원-2만원,2021-08-13,맛있다,18,14.0,3.0,1.0
739,통통돼지,4.0,서대문구,주소 서울특별시 서대문구 연세로4길 19,음식 종류 고기 요리,가격대 만원-2만원,2021-09-18,맛있다,49,38.0,9.0,2.0
740,백색소음,4.0,서대문구,주소 서울특별시 서대문구 연희로 38-12,음식 종류 일반 주점,가격대 만원-2만원,2021-12-19,맛있다,11,10.0,1.0,0.0
741,녹스 진토닉바,4.0,서대문구,주소 서울특별시 서대문구 연세로9길 29 진토닉 간판 2F,음식 종류 칵테일 / 와인,가격대 만원-2만원,2021-01-26,괜찮다,27,22.0,4.0,1.0
742,유자유김치떡볶이,4.0,서대문구,주소 서울특별시 서대문구 연세로11길 22,음식 종류 기타 한식,가격대 만원 미만,2022-07-25,맛있다,22,12.0,9.0,1.0
743,홍대삭,4.0,서대문구,주소 서울특별시 서대문구 연희로 89,음식 종류 기타 한식,가격대 만원 미만,2022-06-03,맛있다,38,25.0,12.0,1.0
744,주반여름,4.0,서대문구,주소 서울특별시 서대문구 연희맛로 17-13,음식 종류 퓨전 한식,가격대 만원-2만원,2022-04-26,맛있다,13,11.0,2.0,0.0
745,신흥떡볶이,4.0,서대문구,주소 서울특별시 서대문구 수색로 28-5,가격대 만원 미만,주차 주차공간없음,2022-05-10,맛있다,17,12.0,4.0,1.0
746,파티오,4.0,서대문구,주소 서울특별시 서대문구 연세로5다길 28,음식 종류 카페 / 디저트,가격대 만원 미만,2021-11-16,맛있다,20,15.0,5.0,0.0
747,에이테이블,4.0,서대문구,주소 서울특별시 서대문구 북아현로24길 8 1F,음식 종류 카페 / 디저트,가격대 만원 미만,2022-08-10,맛있다,15,11.0,4.0,0.0
748,에뚜왈,4.0,서대문구,주소 서울특별시 서대문구 충정로4길 28,음식 종류 베이커리,가격대 만원 미만,4 일 전,맛있다,10,9.0,1.0,0.0
749,만냥하우스,4.0,서대문구,주소 서울특별시 서대문구 성산로 402-1,음식 종류 기타 한식,가격대 만원 미만,2021-08-27,맛있다,13,10.0,3.0,0.0
750,연희단팥죽,4.0,서대문구,주소 서울특별시 서대문구 연희로11가길 8-5,음식 종류 기타 한식,가격대 만원 미만,2022-02-17,맛있다,14,11.0,3.0,0.0
751,야채를담다,4.0,서대문구,주소 서울특별시 서대문구 신촌역로 22-5 2F 51호,음식 종류 카페 / 디저트,가격대 만원 미만,2021-06-02,맛있다,18,18.0,0.0,0.0
752,보연희,4.0,서대문구,주소 서울특별시 서대문구 연희맛로 17-63 2F,음식 종류 카페 / 디저트,가격대 만원-2만원,2022-08-08,괜찮다,5,4.0,1.0,0.0
753,서른즈음에,4.0,서대문구,주소 서울특별시 서대문구 연세로7안길 35,음식 종류 일반 주점,가격대 2만원-3만원,2022-03-26,맛있다,19,13.0,6.0,0.0
754,포케포케,4.0,서대문구,주소 서울특별시 서대문구 이화여대5길 15,음식 종류 기타 양식,가격대 만원 미만,2022-04-26,맛있다,11,9.0,2.0,0.0
755,배바위양곱창,4.0,서대문구,주소 서울특별시 서대문구 연세로7안길 42,음식 종류 고기 요리,가격대 2만원-3만원,2021-07-03,괜찮다,9,8.0,1.0,0.0
756,TMOON,4.0,서대문구,주소 서울특별시 서대문구 성산로22길 36,음식 종류 이탈리안,가격대 만원 미만,2021-09-26,맛있다,11,8.0,3.0,0.0
757,종로보쌈,4.0,서대문구,주소 서울특별시 서대문구 통일로9길 5,음식 종류 고기 요리,가격대 만원-2만원,2022-07-14,맛있다,10,7.0,3.0,0.0
758,라장훠궈,4.0,서대문구,주소 서울특별시 서대문구 연세로 37,가격대 만원 미만,0,2021-08-07,맛있다,9,8.0,0.0,1.0
759,세아마라탕,4.0,서대문구,주소 서울특별시 서대문구 이화여대길 16,음식 종류 기타 중식,가격대 만원 미만,2021-05-10,맛있다,8,7.0,1.0,0.0
760,클로리스,3.9,서대문구,주소 서울특별시 서대문구 연세로4길 38,음식 종류 카페 / 디저트,가격대 만원 미만,2022-02-23,괜찮다,225,156.0,57.0,12.0
761,와플잇업,3.9,서대문구,주소 서울특별시 서대문구 이화여대3길 42-19,음식 종류 카페 / 디저트,가격대 만원 미만,2021-12-08,별로,203,148.0,40.0,15.0
762,완차이,3.9,서대문구,주소 서울특별시 서대문구 명물길 50-7,음식 종류 정통 중식 / 일반 중식,가격대 만원 미만,2022-06-06,맛있다,151,106.0,30.0,15.0
763,대포찜닭,3.9,서대문구,주소 서울특별시 서대문구 연세로11길 28 대성빌딩 3F,음식 종류 닭 / 오리 요리,가격대 만원-2만원,2022-07-12,별로,168,103.0,45.0,20.0
764,이자카야카덴,3.9,서대문구,주소 서울특별시 서대문구 연희로 173 거화빌딩 2F,음식 종류 이자카야 / 오뎅 / 꼬치,가격대 만원-2만원,2022-06-22,맛있다,39,29.0,6.0,4.0
765,소담식당,3.9,서대문구,주소 서울특별시 서대문구 연세로4길 21,음식 종류 이탈리안,가격대 만원-2만원,2022-05-30,맛있다,51,34.0,10.0,7.0
766,제니스카페,3.9,서대문구,주소 서울특별시 서대문구 연희맛로 17-49,음식 종류 이탈리안,가격대 만원 미만,2021-12-13,맛있다,76,52.0,21.0,3.0
767,콜드레시피,3.9,서대문구,주소 서울특별시 서대문구 연희로11라길 2,음식 종류 카페 / 디저트,가격대 만원 미만,2022-07-24,맛있다,73,45.0,23.0,5.0
768,리히트케이크,3.9,서대문구,주소 서울특별시 서대문구 연희로4길 10,음식 종류 카페 / 디저트,가격대 2만원-3만원,2022-06-12,맛있다,70,55.0,9.0,6.0
769,기꾸스시,3.9,서대문구,주소 서울특별시 서대문구 연세로5다길 35,음식 종류 회 / 스시,가격대 만원-2만원,2022-06-29,맛있다,117,64.0,36.0,17.0
770,피터팬 1978,3.9,서대문구,주소 서울특별시 서대문구 증가로 10,음식 종류 베이커리,가격대 만원 미만,2022-02-26,맛있다,103,77.0,19.0,7.0
771,금옥당,3.9,서대문구,주소 서울특별시 서대문구 연희로11라길 2,음식 종류 카페 / 디저트,가격대 만원 미만,2021-11-21,맛있다,37,23.0,14.0,0.0
772,앤트러사이트,3.9,서대문구,주소 서울특별시 서대문구 연희로 135,음식 종류 카페 / 디저트,가격대 만원 미만,2022-06-27,맛있다,43,29.0,14.0,0.0
773,알레스구떼,3.9,서대문구,주소 서울특별시 서대문구 연희로26길 4,음식 종류 베이커리,가격대 만원 미만,2022-04-20,맛있다,16,12.0,2.0,2.0
774,노아스로스팅,3.9,서대문구,주소 서울특별시 서대문구 연희로 160 1F,음식 종류 카페 / 디저트,가격대 만원 미만,2022-02-13,맛있다,39,30.0,9.0,0.0
775,네이버후드,3.9,서대문구,주소 서울특별시 서대문구 연세로7안길 41,음식 종류 치킨 / 호프 / 펍,가격대 만원 미만,2022-03-09,맛있다,54,32.0,20.0,2.0
776,타이완소야,3.9,서대문구,주소 서울특별시 서대문구 연세로7길 27,음식 종류 정통 중식 / 일반 중식,가격대 만원 미만,2022-02-20,맛있다,40,26.0,12.0,2.0
777,효동바,3.9,서대문구,주소 서울특별시 서대문구 독립문로12길 18,음식 종류 퓨전 일식,가격대 2만원-3만원,2022-06-21,맛있다,6,3.0,3.0,0.0
778,원즈오운베이커리,3.9,서대문구,주소 서울특별시 서대문구 이화여대길 20,음식 종류 베이커리,가격대 만원 미만,2022-08-09,괜찮다,12,8.0,4.0,0.0
779,아건,3.9,서대문구,주소 서울특별시 서대문구 이화여대길 63 2F,음식 종류 인도 음식,가격대 만원-2만원,2022-03-30,맛있다,34,26.0,5.0,3.0
780,리틀쿠바,3.9,서대문구,주소 서울특별시 서대문구 연세로 13 현대백화점 신촌점 신관 신촌푸드앨리 11F,음식 종류 퓨전 양식,가격대 만원-2만원,2022-07-09,맛있다,39,29.0,9.0,1.0
781,벨라프라하,3.9,서대문구,주소 서울특별시 서대문구 이화여대길 77,음식 종류 카페 / 디저트,가격대 만원 미만,2022-05-24,맛있다,55,36.0,16.0,3.0
782,밀스,3.9,서대문구,주소 서울특별시 서대문구 연희로11가길 3,음식 종류 기타 양식,가격대 만원-2만원,2022-01-21,괜찮다,28,19.0,9.0,0.0
783,희게,3.9,서대문구,주소 서울특별시 서대문구 증가로 1 201호,음식 종류 브런치 / 버거 / 샌드위치,가격대 만원-2만원,2022-07-09,맛있다,15,11.0,1.0,3.0
784,칼,3.9,서대문구,주소 서울특별시 서대문구 연세로4길 42-3,음식 종류 퓨전 양식,가격대 만원-2만원,2022-05-15,괜찮다,27,15.0,12.0,0.0
785,치즈를사랑한찜닭,3.9,서대문구,주소 서울특별시 서대문구 연세로 29,음식 종류 닭 / 오리 요리,가격대 만원 미만,2022-07-14,맛있다,45,26.0,16.0,3.0
786,뉘블랑쉬베이커리,3.9,서대문구,주소 서울특별시 서대문구 연희로15길 52,가격대 만원 미만,주차 무료주차 가능,2021-11-03,괜찮다,10,7.0,3.0,0.0
787,1987피자,3.9,서대문구,주소 서울특별시 서대문구 연세로11길 26 B1,음식 종류 기타 양식,가격대 만원 미만,2020-12-10,맛있다,22,21.0,1.0,0.0
788,이빠네마 그릴,3.9,서대문구,주소 서울특별시 서대문구 연세로4길 6 2F,음식 종류 스테이크 / 바베큐,가격대 2만원-3만원,2022-02-15,맛있다,19,15.0,2.0,2.0
789,문베어,3.9,서대문구,주소 서울특별시 서대문구 명물길 66 1F,음식 종류 카페 / 디저트,가격대 만원 미만,2022-04-07,맛있다,26,18.0,7.0,1.0
790,내사랑,3.9,서대문구,주소 서울특별시 서대문구 이화여대2길 37,음식 종류 카페 / 디저트,가격대 만원 미만,2021-05-20,맛있다,13,10.0,3.0,0.0
791,원앤온리커피,3.9,서대문구,주소 서울특별시 서대문구 이화여대7길 31-4,음식 종류 카페 / 디저트,가격대 만원 미만,2022-02-01,맛있다,14,9.0,5.0,0.0
792,피터팬,3.9,서대문구,주소 서울특별시 서대문구 연희맛로 23,음식 종류 베이커리,가격대 만원 미만,2022-07-21,맛있다,20,11.0,8.0,1.0
793,스튜디오웝,3.9,서대문구,주소 서울특별시 서대문구 성산로 539,음식 종류 카페 / 디저트,가격대 만원 미만,2022-03-31,맛있다,12,7.0,4.0,1.0
794,경성팥집옥루몽,3.9,서대문구,주소 서울특별시 서대문구 연대동문길 18,음식 종류 카페 / 디저트,가격대 만원 미만,2022-08-03,맛있다,65,42.0,18.0,5.0
795,더 풍년,3.9,서대문구,주소 서울특별시 서대문구 영천시장길 56,음식 종류 전통 주점 / 포차,가격대 만원-2만원,2022-07-08,맛있다,13,8.0,5.0,0.0
796,피자앤플랫,3.9,서대문구,주소 서울특별시 서대문구 연희로10길 43-4,음식 종류 이탈리안,가격대 만원-2만원,2021-09-09,별로,20,16.0,3.0,1.0
797,낟더쌔임,3.9,서대문구,주소 서울특별시 서대문구 서소문로 61 1F,음식 종류 카페 / 디저트,가격대 만원 미만,2022-07-30,맛있다,10,7.0,3.0,0.0
798,파가니니,3.9,서대문구,주소 서울특별시 서대문구 이화여대길 63 6F,음식 종류 칵테일 / 와인,가격대 만원 미만,2020-09-19,맛있다,30,25.0,4.0,1.0
799,그로어스,3.9,서대문구,주소 서울특별시 서대문구 연희로27길 52,음식 종류 브런치 / 버거 / 샌드위치,가격대 만원-2만원,2022-05-03,괜찮다,5,3.0,2.0,0.0
800,카와카츠,4.8,마포구,주소 서울특별시 마포구 양화로 78-7 1F,음식 종류 까스 요리,가격대 만원-2만원,2022-08-10,맛있다,62,57.0,5.0,0.0
801,야키토리나루토,4.8,마포구,주소 서울특별시 마포구 독막로9길 26,음식 종류 정통 일식 / 일반 일식,가격대 만원-2만원,4 일 전,맛있다,22,22.0,0.0,0.0
802,파델라,4.8,마포구,주소 서울특별시 마포구 연남로1길 11 1F,음식 종류 이탈리안,가격대 만원-2만원,2022-08-08,괜찮다,54,47.0,7.0,0.0
803,카와카츠,4.7,마포구,주소 서울특별시 마포구 동교로 126 1F 102호,음식 종류 까스 요리,가격대 만원-2만원,2 일 전,맛있다,182,156.0,18.0,8.0
804,쉐시몽,4.7,마포구,주소 서울특별시 마포구 월드컵로10길 48 동궁빌딩 1F,음식 종류 프랑스 음식,가격대 4만원 이상,2022-06-11,맛있다,43,42.0,0.0,1.0
805,코바시,4.7,마포구,주소 서울특별시 마포구 양화로1길 25-3,음식 종류 정통 일식 / 일반 일식,가격대 4만원 이상,2022-08-01,맛있다,11,10.0,1.0,0.0
806,라바즈,4.7,마포구,주소 서울특별시 마포구 월드컵로13길 19-23 2F,음식 종류 베이커리,가격대 만원 미만,5 일 전,맛있다,30,29.0,1.0,0.0
807,로랑 (휴업중),4.7,마포구,주소 서울특별시 마포구 성지1길 15 1F,음식 종류 회 / 스시,가격대 3만원-4만원,2022-05-28,맛있다,12,12.0,0.0,0.0
808,진만두,4.6,마포구,주소 서울특별시 마포구 와우산로29길 4-42,음식 종류 딤섬 / 만두,가격대 만원 미만,2022-08-04,괜찮다,267,229.0,27.0,11.0
809,당도,4.6,마포구,주소 서울특별시 마포구 포은로 106,음식 종류 카페 / 디저트,가격대 만원 미만,2022-07-29,맛있다,250,228.0,19.0,3.0
810,야키토리묵,4.6,마포구,주소 서울특별시 마포구 성미산로 165-1 1F,음식 종류 이자카야 / 오뎅 / 꼬치,가격대 3만원-4만원,2022-01-31,맛있다,43,34.0,7.0,2.0
811,토파,4.6,마포구,주소 서울특별시 마포구 토정로3길 5 1F,음식 종류 이탈리안,가격대 2만원-3만원,2022-07-27,맛있다,76,55.0,18.0,3.0
812,이치류,4.6,마포구,주소 서울특별시 마포구 잔다리로3안길 44,음식 종류 스테이크 / 바베큐,가격대 2만원-3만원,2022-07-10,맛있다,120,99.0,15.0,6.0
813,엘리스리틀이태리,4.6,마포구,주소 서울특별시 마포구 백범로 152 201동 1F,음식 종류 이탈리안,가격대 만원-2만원,2022-07-10,맛있다,52,42.0,6.0,4.0
814,카카오다다,4.6,마포구,주소 서울특별시 마포구 희우정로10길 15,음식 종류 카페 / 디저트,가격대 만원 미만,2022-07-16,맛있다,57,50.0,7.0,0.0
815,파이리퍼블릭,4.6,마포구,주소 서울특별시 마포구 양화로23길 10-10 B1,음식 종류 다국적 퓨전,가격대 만원-2만원,2022-04-26,맛있다,43,38.0,4.0,1.0
816,우주옥,4.6,마포구,주소 서울특별시 마포구 동교로50길 11 B02호,음식 종류 국수 / 면 요리,가격대 만원-2만원,2022-08-06,맛있다,31,26.0,4.0,1.0
817,오츠에스프레소,4.6,마포구,주소 서울특별시 마포구 독막로14길 32,음식 종류 카페 / 디저트,가격대 만원 미만,2022-07-26,괜찮다,43,40.0,3.0,0.0
818,제스티살룬,4.6,마포구,주소 서울특별시 마포구 연희로 31 연남빌딩 B1,음식 종류 브런치 / 버거 / 샌드위치,가격대 만원 미만,2022-07-29,맛있다,45,39.0,6.0,0.0
819,윤서울,4.6,마포구,주소 서울특별시 마포구 홍익로2길 31 1F,음식 종류 퓨전 한식,가격대 4만원 이상,2022-05-08,맛있다,10,10.0,0.0,0.0
820,젤라떼리아 에따,4.6,마포구,주소 서울특별시 마포구 월드컵북로4길 44 1F,음식 종류 카페 / 디저트,가격대 만원 미만,2022-07-27,맛있다,28,27.0,1.0,0.0
821,르규옹,4.6,마포구,주소 서울특별시 마포구 성미산로17길 109 1F,음식 종류 이탈리안,가격대 2만원-3만원,2022-07-18,맛있다,7,7.0,0.0,0.0
822,오레노라멘,4.5,마포구,주소 서울특별시 마포구 독막로6길 14,음식 종류 라멘 / 소바 / 우동,가격대 만원 미만,6 일 전,괜찮다,519,439.0,61.0,19.0
823,카밀로라자네리아,4.5,마포구,주소 서울특별시 마포구 동교로12길 41,음식 종류 이탈리안,가격대 만원-2만원,2022-07-28,맛있다,240,182.0,41.0,17.0
824,산울림1992,4.5,마포구,주소 서울특별시 마포구 서강로9길 60,음식 종류 전통 주점 / 포차,가격대 만원-2만원,2022-06-24,맛있다,191,163.0,21.0,7.0
825,소금집델리 망원,4.5,마포구,주소 서울특별시 마포구 월드컵로19길 14 2F,음식 종류 퓨전 양식,가격대 만원-2만원,2022-08-05,맛있다,235,176.0,35.0,24.0
826,쿠이신보,4.5,마포구,주소 서울특별시 마포구 양화로6길 38 2F,음식 종류 이자카야 / 오뎅 / 꼬치,가격대 만원-2만원,1 일 전,별로,124,96.0,20.0,8.0
827,듁스커피,4.5,마포구,주소 서울특별시 마포구 어울마당로2길 10,음식 종류 카페 / 디저트,가격대 만원 미만,2022-07-30,맛있다,156,140.0,13.0,3.0
828,라무라,4.5,마포구,주소 서울특별시 마포구 포은로 21 1F,음식 종류 라멘 / 소바 / 우동,가격대 만원 미만,2022-07-31,맛있다,94,73.0,18.0,3.0
829,혼네,4.5,마포구,주소 서울특별시 마포구 동교로46길 42-3,음식 종류 라멘 / 소바 / 우동,가격대 만원-2만원,2022-08-11,맛있다,149,113.0,22.0,14.0
830,스시올로지,4.5,마포구,주소 서울특별시 마포구 동교로 266-11,음식 종류 회 / 스시,가격대 만원-2만원,6 일 전,맛있다,90,71.0,13.0,6.0
831,멘야준,4.5,마포구,주소 서울특별시 마포구 동교로 128,음식 종류 라멘 / 소바 / 우동,가격대 만원 미만,2022-07-31,맛있다,88,71.0,14.0,3.0
832,소점,4.5,마포구,주소 서울특별시 마포구 성미산로17길 99,음식 종류 철판 요리,가격대 만원-2만원,2022-06-27,맛있다,61,52.0,6.0,3.0
833,마루심,4.5,마포구,주소 서울특별시 마포구 토정로 316 성진빌딩 1F,음식 종류 돈부리 / 일본 카레 / 벤토,가격대 3만원-4만원,2 시간 전,맛있다,48,40.0,5.0,3.0
834,비파티세리,4.5,마포구,주소 서울특별시 마포구 마포대로14길 4 1F,음식 종류 카페 / 디저트,가격대 만원 미만,2022-07-23,맛있다,47,41.0,6.0,0.0
835,우동 이요이요,4.5,마포구,주소 서울특별시 마포구 토정로35길 29,음식 종류 라멘 / 소바 / 우동,가격대 만원 미만,2022-07-13,맛있다,27,23.0,3.0,1.0
836,기노,4.5,마포구,주소 서울특별시 마포구 삼개로3길 6-1,음식 종류 이자카야 / 오뎅 / 꼬치,가격대 2만원-3만원,2022-08-02,맛있다,33,28.0,4.0,1.0
837,하나라멘,4.5,마포구,주소 서울특별시 마포구 동교로38길 27-4 1F,음식 종류 라멘 / 소바 / 우동,가격대 만원 미만,2022-08-04,맛있다,28,23.0,5.0,0.0
838,무겐스위치,4.5,마포구,주소 서울특별시 마포구 동교로 242-13,음식 종류 라멘 / 소바 / 우동,가격대 만원 미만,2022-08-01,맛있다,14,13.0,1.0,0.0
839,전주상회,4.5,마포구,주소 서울특별시 마포구 성미산로 195,음식 종류 일반 주점,가격대 2만원-3만원,2022-08-08,맛있다,11,11.0,0.0,0.0
840,오스테리아샘킴,4.4,마포구,주소 서울특별시 마포구 양화로3길 55,음식 종류 이탈리안,가격대 3만원-4만원,2022-04-02,별로,186,139.0,31.0,16.0
841,포비,4.4,마포구,주소 서울특별시 마포구 양화로3길 66,음식 종류 카페 / 디저트,가격대 만원 미만,2022-07-23,맛있다,151,116.0,29.0,6.0
842,교다이야,4.4,마포구,주소 서울특별시 마포구 성지길 39,음식 종류 라멘 / 소바 / 우동,가격대 만원 미만,5 일 전,맛있다,198,142.0,43.0,13.0
843,요코쵸,4.4,마포구,주소 서울특별시 마포구 성미산로 161-15,음식 종류 이자카야 / 오뎅 / 꼬치,가격대 만원-2만원,2022-08-03,맛있다,108,79.0,21.0,8.0
844,첸토페르첸토,4.4,마포구,주소 서울특별시 마포구 동교로12길 41-13 1F,음식 종류 이탈리안,가격대 만원-2만원,2022-05-01,맛있다,93,64.0,21.0,8.0
845,복덕방,4.4,마포구,주소 서울특별시 마포구 포은로8길 5 1F,음식 종류 고기 요리,가격대 만원-2만원,2022-04-29,맛있다,111,87.0,11.0,13.0
846,마시타야,4.4,마포구,주소 서울특별시 마포구 와우산로29라길 26,음식 종류 라멘 / 소바 / 우동,가격대 만원 미만,2022-07-09,괜찮다,124,87.0,30.0,7.0
847,라오삐약,4.4,마포구,주소 서울특별시 마포구 희우정로10길 5,음식 종류 다국적 아시아 음식,가격대 만원 미만,2022-07-20,맛있다,116,91.0,15.0,10.0
848,리틀빅토리,4.4,마포구,주소 서울특별시 마포구 연희로1길 41,음식 종류 카페 / 디저트,가격대 만원 미만,2022-08-07,맛있다,120,103.0,12.0,5.0
849,미야자키상점,4.4,마포구,주소 서울특별시 마포구 연희로1길 29,음식 종류 이자카야 / 오뎅 / 꼬치,가격대 만원-2만원,2022-04-21,맛있다,63,51.0,8.0,4.0
850,스파카나폴리,4.4,마포구,주소 서울특별시 마포구 양화로6길 28 2F,음식 종류 이탈리안,가격대 만원-2만원,2022-07-15,맛있다,182,132.0,32.0,18.0
851,연교,4.4,마포구,주소 서울특별시 마포구 연희로1길 65,음식 종류 딤섬 / 만두,가격대 만원-2만원,2022-06-02,맛있다,67,46.0,13.0,8.0
852,원조 조박집,4.4,마포구,주소 서울특별시 마포구 토정로 313-1,음식 종류 고기 요리,가격대 2만원-3만원,3 일 전,맛있다,119,88.0,19.0,12.0
853,최강금돈까스,4.4,마포구,주소 서울특별시 마포구 월드컵로3길 31-30,음식 종류 기타 한식,가격대 만원-2만원,1 일 전,맛있다,72,57.0,13.0,2.0
854,키오스크,4.4,마포구,주소 서울특별시 마포구 월드컵로19길 74 2F,가격대 만원 미만,주차 주차공간없음,2022-08-06,별로,105,86.0,11.0,8.0
855,망원동즉석우동,4.4,마포구,주소 서울특별시 마포구 동교로 83,음식 종류 라멘 / 소바 / 우동,가격대 만원 미만,4 일 전,맛있다,125,86.0,34.0,5.0
856,티크닉,4.4,마포구,주소 서울특별시 마포구 성미산로 147,가격대 만원 미만,주차 주차공간없음,2022-07-23,괜찮다,58,48.0,10.0,0.0
857,담택,4.4,마포구,주소 서울특별시 마포구 월드컵로8길 34 1F,음식 종류 라멘 / 소바 / 우동,가격대 만원 미만,1 일 전,맛있다,83,64.0,15.0,4.0
858,아꽁뜨,4.4,마포구,주소 서울특별시 마포구 동교로51길 3 1F,음식 종류 카페 / 디저트,가격대 만원 미만,2022-07-24,맛있다,32,25.0,7.0,0.0
859,야키토리 미식,4.4,마포구,주소 서울특별시 마포구 성미산로 189-5 2F,음식 종류 이자카야 / 오뎅 / 꼬치,가격대 만원 미만,2022-06-22,맛있다,20,17.0,2.0,1.0
860,헤키,4.4,마포구,주소 서울특별시 마포구 월드컵로17길 38 1F,음식 종류 까스 요리,가격대 만원-2만원,2 일 전,맛있다,78,55.0,18.0,5.0
861,블루쿠치나,4.4,마포구,주소 서울특별시 마포구 월드컵로19길 18,음식 종류 이탈리안,가격대 만원-2만원,2022-07-01,맛있다,62,47.0,10.0,5.0
862,조용한저녁,4.4,마포구,주소 서울특별시 마포구 서강로11길 18,음식 종류 패밀리 레스토랑,가격대 만원-2만원,2022-07-09,맛있다,43,36.0,6.0,1.0
863,쿄라멘,4.4,마포구,주소 서울특별시 마포구 동교로46길 25,음식 종류 라멘 / 소바 / 우동,가격대 만원 미만,2022-08-07,괜찮다,61,49.0,6.0,6.0
864,바다회사랑,4.4,마포구,주소 서울특별시 마포구 동교로 143,음식 종류 해산물 요리,가격대 2만원-3만원,2022-06-24,맛있다,78,61.0,10.0,7.0
865,피에트라,4.4,마포구,주소 서울특별시 마포구 성미산로23길 62 1F,음식 종류 카페 / 디저트,가격대 만원 미만,2 일 전,맛있다,22,20.0,1.0,1.0
866,멘타카무쇼,4.4,마포구,주소 서울특별시 마포구 와우산로13길 49-10,가격대 만원 미만,주차 주차공간없음,1 일 전,괜찮다,22,18.0,3.0,1.0
867,Osteria Ora,4.4,마포구,주소 서울특별시 마포구 잔다리로 105 1F,음식 종류 이탈리안,가격대 2만원-3만원,2022-07-08,맛있다,30,24.0,5.0,1.0
868,상해소흘,4.4,마포구,주소 서울특별시 마포구 동교로 272,음식 종류 정통 중식 / 일반 중식,가격대 만원-2만원,2022-06-29,맛있다,35,25.0,9.0,1.0
869,멘야하나비,4.4,마포구,주소 서울특별시 마포구 잔다리로7안길 14 1F,음식 종류 라멘 / 소바 / 우동,가격대 만원-2만원,2022-03-30,맛있다,45,32.0,12.0,1.0
870,아소토,4.4,마포구,주소 서울특별시 마포구 독막로2길 34,음식 종류 이자카야 / 오뎅 / 꼬치,가격대 2만원-3만원,2022-06-30,맛있다,19,17.0,2.0,0.0
871,야경,4.4,마포구,주소 서울특별시 마포구 성미산로 189-6,음식 종류 이자카야 / 오뎅 / 꼬치,가격대 2만원-3만원,2022-06-28,맛있다,26,23.0,1.0,2.0
872,온정,4.4,마포구,주소 서울특별시 마포구 동교로 262-10 1F,음식 종류 돈부리 / 일본 카레 / 벤토,가격대 만원-2만원,2022-06-02,맛있다,42,36.0,4.0,2.0
873,청춘구락부,4.4,마포구,주소 서울특별시 마포구 토정로 308,음식 종류 고기 요리,가격대 2만원-3만원,2022-06-19,맛있다,11,7.0,2.0,2.0
874,수을관,4.4,마포구,주소 서울특별시 마포구 동교로38길 19 2.5F,음식 종류 퓨전 한식,가격대 2만원-3만원,2022-07-28,맛있다,8,7.0,0.0,1.0
875,커피하우스마이샤,4.4,마포구,주소 서울특별시 마포구 포은로 52 1F,음식 종류 카페 / 디저트,가격대 만원 미만,3 일 전,맛있다,10,9.0,1.0,0.0
876,수더분,4.4,마포구,주소 서울특별시 마포구 백범로 152 공덕파크자이 202동 7호,음식 종류 베이커리,가격대 만원 미만,2022-02-12,맛있다,6,6.0,0.0,0.0
877,정성,4.4,마포구,주소 서울특별시 마포구 방울내로 73,음식 종류 까스 요리,가격대 만원-2만원,2022-04-14,맛있다,7,7.0,0.0,0.0
878,비스트로오라,4.4,마포구,주소 서울특별시 마포구 동교로 244 2F,음식 종류 이탈리안,가격대 2만원-3만원,2022-08-08,맛있다,4,4.0,0.0,0.0
879,나성타코,4.4,마포구,주소 서울특별시 마포구 잔다리로2길 24 2F,음식 종류 남미 음식,가격대 만원-2만원,2022-07-31,맛있다,7,6.0,1.0,0.0
880,리밀커피&밀리,4.4,마포구,주소 서울특별시 마포구 동교로22길 21,음식 종류 카페 / 디저트,가격대 만원 미만,2022-04-22,맛있다,7,7.0,0.0,0.0
881,지알로파스타바,4.4,마포구,주소 서울특별시 마포구 독막로31길 18 1F,음식 종류 기타 양식,가격대 4만원 이상,2022-06-01,괜찮다,5,4.0,1.0,0.0
882,홍콩대패당,4.4,마포구,주소 서울특별시 마포구 양화로23길 10-8 2F,음식 종류 기타 중식,가격대 만원-2만원,2022-08-07,맛있다,5,5.0,0.0,0.0
883,문데이,4.4,마포구,주소 서울특별시 마포구 토정로 27-1 1F,음식 종류 기타 양식,가격대 만원-2만원,2022-07-17,맛있다,6,6.0,0.0,0.0
884,쿠시파파,4.4,마포구,주소 서울특별시 마포구 동교로 256-4 B1,음식 종류 이자카야 / 오뎅 / 꼬치,가격대 2만원-3만원,2022-07-27,맛있다,5,5.0,0.0,0.0
885,망원떡갈비,4.4,마포구,주소 서울특별시 마포구 포은로8길 25,음식 종류 한정식 / 백반 / 정통 한식,가격대 만원 미만,5 일 전,맛있다,5,5.0,0.0,0.0
886,프릳츠커피컴퍼니,4.3,마포구,주소 서울특별시 마포구 새창로2길 17,음식 종류 카페 / 디저트,가격대 만원 미만,8 시간 전,맛있다,339,271.0,54.0,14.0
887,크레이지카츠,4.3,마포구,주소 서울특별시 마포구 포은로2나길 44 1F,음식 종류 까스 요리,가격대 만원 미만,2022-08-09,맛있다,317,247.0,52.0,18.0
888,더다이닝랩,4.3,마포구,주소 서울특별시 마포구 양화로23길 22-7,음식 종류 기타 양식,가격대 2만원-3만원,2022-05-08,맛있다,284,190.0,71.0,23.0
889,을밀대,4.3,마포구,주소 서울특별시 마포구 숭문길 24,음식 종류 국수 / 면 요리,가격대 만원-2만원,3 시간 전,맛있다,368,256.0,83.0,29.0
890,잇텐고,4.3,마포구,주소 서울특별시 마포구 포은로 11,음식 종류 라멘 / 소바 / 우동,가격대 만원 미만,6 일 전,맛있다,284,211.0,61.0,12.0
891,아날로그가든,4.3,마포구,주소 서울특별시 마포구 동교로 145,음식 종류 브런치 / 버거 / 샌드위치,가격대 만원 미만,3 일 전,별로,243,201.0,32.0,10.0
892,이요이요스시,4.3,마포구,주소 서울특별시 마포구 마포대로 173-15 래미안5차상가 106호,음식 종류 회 / 스시,가격대 3만원-4만원,2022-07-28,괜찮다,91,70.0,12.0,9.0
893,커피가게동경,4.3,마포구,주소 서울특별시 마포구 망원로6길 21,음식 종류 카페 / 디저트,가격대 만원 미만,2022-06-28,맛있다,206,170.0,29.0,7.0
894,빠넬로,4.3,마포구,주소 서울특별시 마포구 어울마당로5길 29 건우상가주택,음식 종류 이탈리안,가격대 2만원-3만원,2022-06-19,별로,138,93.0,26.0,19.0
895,세상끝의라멘,4.3,마포구,주소 서울특별시 마포구 양화로7길 6-5 와와빌딩 2동 2F,음식 종류 라멘 / 소바 / 우동,가격대 만원 미만,3 시간 전,맛있다,131,94.0,27.0,10.0
896,우마담,4.3,마포구,주소 서울특별시 마포구 독막로3길 30 2F,음식 종류 고기 요리,가격대 4만원 이상,2022-07-28,맛있다,30,25.0,5.0,0.0
897,어반플랜트,4.3,마포구,주소 서울특별시 마포구 독막로4길 3,음식 종류 카페 / 디저트,가격대 만원-2만원,2022-07-30,맛있다,85,58.0,27.0,0.0
898,예티,4.3,마포구,주소 서울특별시 마포구 와우산로18길 10 2F,음식 종류 인도 음식,가격대 만원-2만원,2022-06-07,맛있다,105,75.0,26.0,4.0
899,바다회사랑,4.3,마포구,주소 서울특별시 마포구 동교로27길 60,음식 종류 해산물 요리,가격대 2만원-3만원,2022-07-01,괜찮다,166,120.0,30.0,16.0
900,랜디스도넛,4.3,마포구,주소 서울특별시 마포구 동교로 247,음식 종류 카페 / 디저트,가격대 만원 미만,2022-08-08,맛있다,81,56.0,23.0,2.0
901,지로우라멘,4.3,마포구,주소 서울특별시 마포구 와우산로29가길 79 1F,음식 종류 라멘 / 소바 / 우동,가격대 만원 미만,2022-08-07,괜찮다,164,119.0,34.0,11.0
902,몽중식,4.3,마포구,주소 서울특별시 마포구 동교로 257 2F,음식 종류 정통 중식 / 일반 중식,가격대 4만원 이상,2022-04-29,맛있다,24,19.0,5.0,0.0
903,김광석 신촌칼국수,4.3,마포구,주소 서울특별시 마포구 신촌로 124,음식 종류 탕 / 찌개 / 전골,가격대 만원-2만원,2022-05-27,맛있다,116,85.0,20.0,11.0
904,이요이요스시,4.3,마포구,주소 서울특별시 마포구 마포대로 58 베스트웨스턴 가든호텔 B1,음식 종류 정통 일식 / 일반 일식,가격대 4만원 이상,2022-05-16,괜찮다,23,18.0,4.0,1.0
905,녹기전에,4.3,마포구,주소 서울특별시 마포구 백범로 127-24,음식 종류 카페 / 디저트,가격대 만원 미만,8 시간 전,괜찮다,90,69.0,21.0,0.0
906,츄이구이브레드,4.3,마포구,주소 서울 마포구 토정로3안길 18 세원빌딩 1F,음식 종류 베이커리,가격대 만원 미만,2022-08-11,맛있다,47,39.0,2.0,6.0
907,포레스트 (휴업중),4.3,마포구,주소 서울특별시 마포구 동교로46길 7 1F,음식 종류 기타 양식,가격대 만원-2만원,2022-03-21,맛있다,63,49.0,9.0,5.0
908,비스트로주라,4.3,마포구,주소 서울특별시 마포구 와우산로23길 18-7,음식 종류 이탈리안,가격대 만원-2만원,2022-04-07,맛있다,68,51.0,15.0,2.0
909,멘지라멘,4.3,마포구,주소 서울특별시 마포구 월드컵로11길 8 1F,음식 종류 라멘 / 소바 / 우동,가격대 만원 미만,2022-07-09,맛있다,57,40.0,15.0,2.0
910,퀜치커피,4.3,마포구,주소 서울특별시 마포구 동교로12안길 9 1F,음식 종류 카페 / 디저트,가격대 만원 미만,2022-07-31,맛있다,52,41.0,9.0,2.0
911,함반,4.3,마포구,주소 서울특별시 마포구 월드컵로1길 54 1F,음식 종류 퓨전 한식,가격대 만원-2만원,2022-07-18,맛있다,20,15.0,4.0,1.0
912,산동만두,4.3,마포구,주소 서울특별시 마포구 도화길 22-10,음식 종류 퓨전 중식,가격대 만원-2만원,2022-04-04,맛있다,23,19.0,3.0,1.0
913,평안도상원냉면,4.3,마포구,주소 서울특별시 마포구 양화로 156 B1,음식 종류 국수 / 면 요리,가격대 만원 미만,2022-07-23,맛있다,30,26.0,4.0,0.0
914,램랜드,4.3,마포구,주소 서울특별시 마포구 토정로 255,음식 종류 고기 요리,가격대 2만원-3만원,2021-11-11,맛있다,34,28.0,6.0,0.0
915,정돈,4.3,마포구,주소 서울특별시 마포구 어울마당로 46,음식 종류 까스 요리,가격대 만원-2만원,2022-07-31,맛있다,48,34.0,10.0,4.0
916,파스텔커피웍스,4.3,마포구,주소 서울특별시 마포구 독막로2길 38,음식 종류 카페 / 디저트,가격대 만원 미만,2022-08-10,맛있다,15,13.0,2.0,0.0
917,신세계,4.3,마포구,주소 서울특별시 마포구 토정로 263 2F,음식 종류 닭 / 오리 요리,가격대 3만원-4만원,2022-02-23,괜찮다,12,9.0,1.0,2.0
918,정정,4.3,마포구,주소 서울특별시 마포구 백범로24길 27,음식 종류 딤섬 / 만두,가격대 만원 미만,2022-07-30,맛있다,19,15.0,4.0,0.0
919,손오공 마라탕,4.3,마포구,주소 서울특별시 마포구 양화로18길 15 2F,음식 종류 기타 중식,가격대 만원-2만원,2022-06-24,괜찮다,62,46.0,9.0,7.0
920,수부니흐,4.3,마포구,주소 서울특별시 마포구 동교로38길 35,음식 종류 프랑스 음식,가격대 3만원-4만원,2 일 전,괜찮다,19,15.0,4.0,0.0
921,테이스티버거,4.3,마포구,주소 서울특별시 마포구 독막로 67-11 행운빌딩 1F,음식 종류 브런치 / 버거 / 샌드위치,가격대 만원 미만,2022-07-30,맛있다,35,29.0,5.0,1.0
922,덕이손만두,4.3,마포구,주소 서울특별시 마포구 포은로 6,음식 종류 국수 / 면 요리,가격대 만원-2만원,2022-08-05,괜찮다,28,20.0,8.0,0.0
923,우노네,4.3,마포구,주소 서울특별시 마포구 월드컵북로48길 33-7 1F,음식 종류 이탈리안,가격대 3만원-4만원,2022-08-05,맛있다,10,8.0,2.0,0.0
924,칸다소바,4.3,마포구,주소 서울특별시 마포구 와우산로 51-6,음식 종류 라멘 / 소바 / 우동,가격대 만원 미만,6 일 전,맛있다,46,37.0,7.0,2.0
925,리플레토레,4.3,마포구,주소 서울특별시 마포구 월드컵로11길 27 1F,음식 종류 이탈리안,가격대 만원-2만원,2022-07-28,맛있다,12,10.0,2.0,0.0
926,아키야라멘,4.3,마포구,주소 서울특별시 마포구 토정로 39-3,음식 종류 라멘 / 소바 / 우동,가격대 만원 미만,2022-06-28,괜찮다,20,18.0,2.0,0.0
927,이와나시,4.3,마포구,주소 서울특별시 마포구 성미산로 190-8 2F,음식 종류 정통 일식 / 일반 일식,가격대 만원-2만원,2022-02-23,맛있다,25,19.0,4.0,2.0
928,1976샤브샤브,4.3,마포구,주소 서울특별시 마포구 와우산로7길 5,음식 종류 탕 / 찌개 / 전골,가격대 만원-2만원,2022-04-11,괜찮다,28,24.0,3.0,1.0
929,코코부코,4.3,마포구,주소 서울특별시 마포구 희우정로 72,음식 종류 카페 / 디저트,가격대 만원-2만원,2022-03-17,맛있다,39,34.0,5.0,0.0
930,장화신은고양이,4.3,마포구,주소 서울특별시 마포구 월드컵로19길 16,음식 종류 프랑스 음식,가격대 2만원-3만원,2021-07-29,맛있다,19,15.0,4.0,0.0
931,브레드럼,4.3,마포구,주소 서울특별시 마포구 연희로1길 19,음식 종류 베이커리,가격대 만원 미만,2022-04-09,맛있다,19,17.0,2.0,0.0
932,옥정,4.3,마포구,주소 서울특별시 마포구 신수로 106,음식 종류 국수 / 면 요리,가격대 만원 미만,2022-02-13,맛있다,20,19.0,1.0,0.0
933,더리얼치즈버거,4.3,마포구,주소 서울특별시 마포구 와우산로29길 48-29,음식 종류 브런치 / 버거 / 샌드위치,가격대 만원 미만,2022-05-19,별로,18,15.0,2.0,1.0
934,어라운드 그린,4.3,마포구,주소 서울특별시 마포구 망원로 79 3F,음식 종류 기타 양식,가격대 만원-2만원,2022-06-24,맛있다,24,21.0,2.0,1.0
935,라오,4.3,마포구,주소 서울특별시 마포구 동교로 125 1F,음식 종류 태국 음식,가격대 만원-2만원,2022-06-19,맛있다,17,14.0,3.0,0.0
936,고미태,4.3,마포구,주소 서울특별시 마포구 월드컵로 41 1F,음식 종류 국수 / 면 요리,가격대 만원 미만,2022-08-06,맛있다,18,15.0,3.0,0.0
937,포포브레드,4.3,마포구,주소 서울특별시 마포구 동교로18길 13,음식 종류 베이커리,가격대 만원 미만,2022-07-27,맛있다,14,13.0,1.0,0.0
938,후엘고,4.3,마포구,주소 서울특별시 마포구 마포대로11길 118,음식 종류 카페 / 디저트,가격대 만원 미만,2022-02-01,맛있다,22,21.0,1.0,0.0
939,기치조지,4.3,마포구,주소 서울특별시 마포구 와우산로3길 11 2F,음식 종류 기타 일식,가격대 만원-2만원,2022-01-16,맛있다,13,10.0,2.0,1.0
940,일등식당,4.3,마포구,주소 서울특별시 마포구 방울내로 82,음식 종류 탕 / 찌개 / 전골,가격대 만원 미만,2022-07-17,맛있다,36,28.0,6.0,2.0
941,합정순대국,4.3,마포구,주소 서울특별시 마포구 양화로6길 14,음식 종류 탕 / 찌개 / 전골,가격대 만원 미만,5 일 전,괜찮다,20,15.0,5.0,0.0
942,잔상,4.3,마포구,주소 서울특별시 마포구 동교로38길 33-10,음식 종류 칵테일 / 와인,가격대 2만원-3만원,2022-02-13,맛있다,7,7.0,0.0,0.0
943,홍어한마리,4.3,마포구,주소 서울특별시 마포구 동교로 94,음식 종류 해산물 요리,가격대 2만원-3만원,2022-02-19,맛있다,10,10.0,0.0,0.0
944,1989버거스탠드,4.3,마포구,주소 서울특별시 마포구 연희로1길 36,음식 종류 브런치 / 버거 / 샌드위치,가격대 만원 미만,2022-06-21,맛있다,6,6.0,0.0,0.0
945,진진가연,4.3,마포구,주소 서울특별시 마포구 월드컵북로1길 60,음식 종류 정통 중식 / 일반 중식,가격대 2만원-3만원,2021-11-17,맛있다,15,13.0,2.0,0.0
946,커츠,4.3,마포구,주소 서울특별시 마포구 독막로28길 58 좌측,음식 종류 까스 요리,가격대 만원-2만원,2022-06-25,맛있다,5,5.0,0.0,0.0
947,옥자,4.3,마포구,주소 서울특별시 마포구 성미산로29길 40-15,음식 종류 베트남 음식,가격대 만원-2만원,2022-07-31,괜찮다,8,7.0,1.0,0.0
948,고도식,4.3,마포구,주소 서울특별시 마포구 마포대로1길 16,음식 종류 고기 요리,가격대 만원-2만원,2022-04-29,맛있다,5,5.0,0.0,0.0
949,노루목황소곱창,4.3,마포구,주소 서울특별시 마포구 홍익로3길 32,음식 종류 고기 요리,가격대 만원-2만원,2022-07-04,맛있다,22,15.0,5.0,2.0
950,쿠루미,4.3,마포구,주소 서울특별시 마포구 연희로1길 46,음식 종류 이자카야 / 오뎅 / 꼬치,가격대 2만원-3만원,2022-02-19,맛있다,12,11.0,1.0,0.0
951,영광보쌈,4.3,마포구,주소 서울특별시 마포구 만리재로1길 14,음식 종류 고기 요리,가격대 2만원-3만원,2022-06-27,맛있다,12,10.0,2.0,0.0
952,웨스트빌피자,4.3,마포구,주소 서울특별시 마포구 포은로 37-1,음식 종류 기타 양식,가격대 만원-2만원,4 일 전,맛있다,13,12.0,1.0,0.0
953,돈카츠준,4.3,마포구,주소 서울특별시 마포구 백범로 205 펜트라우스 101동 B226호,음식 종류 까스 요리,가격대 만원-2만원,2022-05-06,맛있다,8,8.0,0.0,0.0
954,커퍼시티,4.3,마포구,주소 서울특별시 마포구 동교로 48,가격대 만원 미만,웹 사이트 식당 홈페이지로 가기,2022-04-29,맛있다,5,5.0,0.0,0.0
955,하롱반미,4.3,마포구,주소 서울특별시 마포구 토정로3길 9,음식 종류 베트남 음식,가격대 만원 미만,2022-08-04,맛있다,7,7.0,0.0,0.0
956,가락,4.3,마포구,주소 서울특별시 마포구 월드컵북로48길 49,음식 종류 전통 주점 / 포차,가격대 2만원-3만원,2022-07-22,맛있다,11,8.0,3.0,0.0
957,상수냉장고,4.3,마포구,주소 서울특별시 마포구 와우산로 23 규민빌딩 1F,음식 종류 고기 요리,가격대 만원-2만원,2022-06-27,맛있다,12,11.0,1.0,0.0
958,상암회관,4.3,마포구,주소 서울특별시 마포구 월드컵북로54길 17,음식 종류 국수 / 면 요리,가격대 만원 미만,2022-08-07,맛있다,7,7.0,0.0,0.0
959,조이버거,4.3,마포구,주소 서울특별시 마포구 신촌로12길 32 1F,음식 종류 브런치 / 버거 / 샌드위치,가격대 만원-2만원,1 일 전,맛있다,5,5.0,0.0,0.0
960,오카에리,4.3,마포구,주소 서울특별시 마포구 연희로1길 55 2F,가격대 3만원-4만원,주차 주차공간없음,2022-05-20,맛있다,8,7.0,1.0,0.0
961,산청엔흑돼지,4.3,마포구,주소 서울특별시 마포구 포은로 110,음식 종류 고기 요리,가격대 만원-2만원,2022-05-28,맛있다,6,5.0,1.0,0.0
962,빠네돌체,4.3,마포구,주소 서울특별시 마포구 마포대로4다길 31,음식 종류 이탈리안,가격대 만원-2만원,2022-03-25,맛있다,6,6.0,0.0,0.0
963,프로그,4.3,마포구,주소 서울특별시 마포구 포은로 61,음식 종류 칵테일 / 와인,가격대 2만원-3만원,2022-01-12,맛있다,5,5.0,0.0,0.0
964,호시쿠즈,4.3,마포구,주소 서울특별시 마포구 독막로 311 재화스퀘어 B1 104호,음식 종류 이자카야 / 오뎅 / 꼬치,가격대 2만원-3만원,2022-08-01,맛있다,5,5.0,0.0,0.0
965,중화복춘,4.2,마포구,주소 서울특별시 마포구 동교로 220-7,음식 종류 정통 중식 / 일반 중식,가격대 2만원-3만원,2022-06-20,괜찮다,189,136.0,33.0,20.0
966,맛이차이나,4.2,마포구,주소 서울특별시 마포구 독막로 68 2F,음식 종류 정통 중식 / 일반 중식,가격대 만원 미만,2022-08-05,맛있다,241,174.0,44.0,23.0
967,툭툭누들타이,4.2,마포구,주소 서울특별시 마포구 성미산로 161-8 1F,음식 종류 태국 음식,가격대 만원-2만원,2022-07-31,맛있다,341,221.0,82.0,38.0
968,이치젠,4.2,마포구,주소 서울특별시 마포구 포은로 109 101호,음식 종류 돈부리 / 일본 카레 / 벤토,가격대 만원-2만원,2022-06-15,맛있다,207,138.0,44.0,25.0
969,미완성식탁,4.2,마포구,주소 서울특별시 마포구 망원로6길 37 1F,음식 종류 카페 / 디저트,가격대 만원 미만,8 시간 전,맛있다,152,118.0,24.0,10.0
970,옥동식,4.2,마포구,주소 서울특별시 마포구 양화로7길 44-10,음식 종류 탕 / 찌개 / 전골,가격대 만원 미만,3 일 전,맛있다,242,181.0,44.0,17.0
971,버터밀크,4.2,마포구,주소 서울특별시 마포구 와우산로 130,음식 종류 브런치 / 버거 / 샌드위치,가격대 만원 미만,2022-06-05,맛있다,223,169.0,25.0,29.0
972,사루카메,4.2,마포구,주소 서울특별시 마포구 연남로 15 1F,가격대 만원 미만,주차 주차공간없음,2022-07-29,별로,169,126.0,32.0,11.0
973,쥬마뺄,4.2,마포구,주소 서울특별시 마포구 와우산로37길 42 2F,음식 종류 카페 / 디저트,가격대 만원 미만,2022-06-07,괜찮다,134,105.0,23.0,6.0
974,진진,4.2,마포구,주소 서울특별시 마포구 잔다리로 123 1F,음식 종류 정통 중식 / 일반 중식,가격대 2만원-3만원,4 일 전,맛있다,93,65.0,17.0,11.0
975,부부 드 꼼뜨와,4.2,마포구,주소 서울특별시 마포구 월드컵북로6길 82 신한빌딩 1F,음식 종류 프랑스 음식,가격대 만원-2만원,2022-06-11,괜찮다,63,40.0,18.0,5.0
976,17도씨,4.2,마포구,주소 서울특별시 마포구 동교로29길 38 1F,음식 종류 카페 / 디저트,가격대 만원 미만,2022-07-27,맛있다,124,87.0,35.0,2.0
977,연어롭다,4.2,마포구,주소 서울특별시 마포구 동교로38길 42,음식 종류 회 / 스시,가격대 만원-2만원,2022-06-03,맛있다,118,81.0,19.0,18.0
978,비전스트롤,4.2,마포구,주소 서울특별시 마포구 망원로 61 1F,음식 종류 카페 / 디저트,가격대 만원 미만,2022-07-09,맛있다,79,58.0,13.0,8.0
979,테일러커피,4.2,마포구,주소 서울특별시 마포구 와우산로27길 7 소로몰,음식 종류 카페 / 디저트,가격대 만원 미만,2022-05-06,맛있다,159,130.0,22.0,7.0
980,하카타나카,4.2,마포구,주소 서울특별시 마포구 와우산로23길 50 2F,음식 종류 정통 일식 / 일반 일식,가격대 만원-2만원,2022-06-17,맛있다,149,96.0,46.0,7.0
981,이요이요스시,4.2,마포구,주소 서울특별시 마포구 백범로 152 공덕파크자이상가 201동 1F 14호,음식 종류 회 / 스시,가격대 4만원 이상,2022-03-10,괜찮다,22,17.0,5.0,0.0
982,신성각,4.2,마포구,주소 서울특별시 마포구 임정로 55-1,음식 종류 정통 중식 / 일반 중식,가격대 만원 미만,6 일 전,맛있다,57,40.0,15.0,2.0
983,땡스오트,4.2,마포구,주소 서울특별시 마포구 성미산로23길 68,음식 종류 카페 / 디저트,가격대 만원 미만,2022-06-26,맛있다,69,52.0,15.0,2.0
984,미자카야,4.2,마포구,주소 서울특별시 마포구 포은로8길 5 1F,음식 종류 이자카야 / 오뎅 / 꼬치,가격대 만원-2만원,2022-05-07,맛있다,72,48.0,12.0,12.0
985,스트라다로스터스,4.2,마포구,주소 서울특별시 마포구 월드컵로3길 14 마포한강푸르지오2차 230호,음식 종류 카페 / 디저트,가격대 만원 미만,2022-06-06,맛있다,81,58.0,21.0,2.0
986,파사주,4.2,마포구,주소 서울특별시 마포구 성지5길 8 1F,음식 종류 프랑스 음식,가격대 2만원-3만원,2022-07-18,맛있다,29,22.0,4.0,3.0
987,테일러커피,4.2,마포구,주소 서울특별시 마포구 성미산로 187,음식 종류 카페 / 디저트,가격대 만원 미만,2022-07-08,맛있다,84,66.0,17.0,1.0
988,오복수산,4.2,마포구,주소 서울특별시 마포구 성미산로 198,음식 종류 돈부리 / 일본 카레 / 벤토,가격대 만원-2만원,2022-04-15,맛있다,71,50.0,13.0,8.0
989,코코시에나티하우스,4.2,마포구,주소 서울특별시 마포구 동교로38길 28 3F,음식 종류 카페 / 디저트,가격대 3만원-4만원,2022-04-12,괜찮다,12,10.0,1.0,1.0
990,미드나잇 플레져,4.2,마포구,주소 서울특별시 마포구 성미산로29안길 17 1F,음식 종류 카페 / 디저트,가격대 만원 미만,2022-06-30,맛있다,30,24.0,5.0,1.0
991,만두란,4.2,마포구,주소 서울특별시 마포구 동교로 81,가격대 만원 미만,주차 주차공간없음,1 일 전,맛있다,31,21.0,8.0,2.0
992,발리문,4.2,마포구,주소 서울특별시 마포구 동교로 248-1 2F,음식 종류 다국적 아시아 음식,가격대 만원-2만원,2022-07-08,맛있다,49,36.0,10.0,3.0
993,코메아벨렘,4.2,마포구,주소 서울특별시 마포구 성미산로 198 1F,음식 종류 카페 / 디저트,가격대 만원 미만,2022-08-09,맛있다,37,31.0,4.0,2.0
994,멕시코식당,4.2,마포구,주소 서울특별시 마포구 독막로2길 23 1F,음식 종류 남미 음식,가격대 만원-2만원,2022-07-28,맛있다,41,31.0,8.0,2.0
995,스아게 K,4.2,마포구,주소 서울특별시 마포구 와우산로29라길 7 1F,음식 종류 돈부리 / 일본 카레 / 벤토,가격대 만원-2만원,2022-06-07,맛있다,37,26.0,10.0,1.0
996,세잔,4.2,마포구,주소 서울특별시 마포구 포은로 75,음식 종류 카페 / 디저트,가격대 만원 미만,2022-06-23,맛있다,18,16.0,2.0,0.0
997,과자산책,4.2,마포구,주소 서울특별시 마포구 포은로 78 2F,음식 종류 카페 / 디저트,가격대 만원 미만,2022-01-10,맛있다,20,17.0,3.0,0.0
998,양송이식당,4.2,마포구,주소 서울특별시 마포구 토정로17안길 9 1F,음식 종류 퓨전 한식,가격대 만원 미만,2022-05-28,맛있다,20,16.0,4.0,0.0
999,라멘 반라이,4.2,마포구,주소 서울특별시 마포구 독막로15길 3-12 102호,가격대 만원 미만,주차 주차공간없음,4 일 전,괜찮다,16,13.0,3.0,0.0
